report_date,market,market_and_exchange_names,money_manager_positions_long_all,money_manager_positions_short_all,money_manager_positions_spread_all
2015-01-06,CORN,CORN - CHICAGO BOARD OF TRADE,298017,77016,84565
2015-01-06,SOYBEAN MEAL,SOYBEAN MEAL - CHICAGO BOARD OF TRADE,82150,30292,13611
2015-01-06,SOYBEAN OIL,SOYBEAN OIL - CHICAGO BOARD OF TRADE,80096,41538,22276
2015-01-06,SOYBEANS,SOYBEANS - CHICAGO BOARD OF TRADE,121157,64899,46972
2015-01-06,WHEAT,WHEAT-SRW - CHICAGO BOARD OF TRADE,92842,75279,34611
2015-01-13,CORN,CORN - CHICAGO BOARD OF TRADE,285056,90374,85240
2015-01-13,SOYBEAN MEAL,SOYBEAN MEAL - CHICAGO BOARD OF TRADE,71609,33089,11707
2015-01-13,SOYBEAN OIL,SOYBEAN OIL - CHICAGO BOARD OF TRADE,84349,34532,20911
2015-01-13,SOYBEANS,SOYBEANS - CHICAGO BOARD OF TRADE,111750,77949,47200
2015-01-13,WHEAT,WHEAT-SRW - CHICAGO BOARD OF TRADE,82721,72037,33636
2015-01-20,CORN,CORN - CHICAGO BOARD OF TRADE,278775,93627,90248
2015-01-20,SOYBEAN MEAL,SOYBEAN MEAL - CHICAGO BOARD OF TRADE,70957,35364,10571
2015-01-20,SOYBEAN OIL,SOYBEAN OIL - CHICAGO BOARD OF TRADE,85825,33004,21649
2015-01-20,SOYBEANS,SOYBEANS - CHICAGO BOARD OF TRADE,101185,85483,57493
2015-01-20,WHEAT,WHEAT-SRW - CHICAGO BOARD OF TRADE,75466,76978,43412
2015-01-27,CORN,CORN - CHICAGO BOARD OF TRADE,256503,104088,98307
2015-01-27,SOYBEAN MEAL,SOYBEAN MEAL - CHICAGO BOARD OF TRADE,72645,32692,13660
2015-01-27,SOYBEAN OIL,SOYBEAN OIL - CHICAGO BOARD OF TRADE,75307,51259,28267
2015-01-27,SOYBEANS,SOYBEANS - CHICAGO BOARD OF TRADE,89486,95273,67249
2015-01-27,WHEAT,WHEAT-SRW - CHICAGO BOARD OF TRADE,70788,83607,43070
2015-02-03,CORN,CORN - CHICAGO BOARD OF TRADE,247007,150657,106024
2015-02-03,SOYBEAN MEAL,SOYBEAN MEAL - CHICAGO BOARD OF TRADE,71705,37949,16655
2015-02-03,SOYBEAN OIL,SOYBEAN OIL - CHICAGO BOARD OF TRADE,64714,66205,38479
2015-02-03,SOYBEANS,SOYBEANS - CHICAGO BOARD OF TRADE,102226,90679,72632
2015-02-03,WHEAT,WHEAT-SRW - CHICAGO BOARD OF TRADE,71684,100348,46514
2015-02-10,CORN,CORN - CHICAGO BOARD OF TRADE,226517,136248,107346
2015-02-10,SOYBEAN MEAL,SOYBEAN MEAL - CHICAGO BOARD OF TRADE,62178,42508,18988
2015-02-10,SOYBEAN OIL,SOYBEAN OIL - CHICAGO BOARD OF TRADE,61367,52262,36533
2015-02-10,SOYBEANS,SOYBEANS - CHICAGO BOARD OF TRADE,90146,97900,84025
2015-02-10,WHEAT,WHEAT-SRW - CHICAGO BOARD OF TRADE,68333,94369,50270
2015-02-17,CORN,CORN - CHICAGO BOARD OF TRADE,221154,141171,108905
2015-02-17,SOYBEAN MEAL,SOYBEAN MEAL - CHICAGO BOARD OF TRADE,69822,40687,20924
2015-02-17,SOYBEAN OIL,SOYBEAN OIL - CHICAGO BOARD OF TRADE,70011,40126,37576
2015-02-17,SOYBEANS,SOYBEANS - CHICAGO BOARD OF TRADE,93014,84163,77254
2015-02-17,WHEAT,WHEAT-SRW - CHICAGO BOARD OF TRADE,72492,97421,41090
2015-02-24,CORN,CORN - CHICAGO BOARD OF TRADE,217942,155056,100969
2015-02-24,SOYBEAN MEAL,SOYBEAN MEAL - CHICAGO BOARD OF TRADE,73498,39748,18186
2015-02-24,SOYBEAN OIL,SOYBEAN OIL - CHICAGO BOARD OF TRADE,67598,42556,33727
2015-02-24,SOYBEANS,SOYBEANS - CHICAGO BOARD OF TRADE,101549,78215,71244
2015-02-24,WHEAT,WHEAT-SRW - CHICAGO BOARD OF TRADE,71529,103793,41605
2015-03-03,CORN,CORN - CHICAGO BOARD OF TRADE,202746,168345,92518
2015-03-03,SOYBEAN MEAL,SOYBEAN MEAL - CHICAGO BOARD OF TRADE,65745,41213,17832
2015-03-03,SOYBEAN OIL,SOYBEAN OIL - CHICAGO BOARD OF TRADE,80262,36859,27979
2015-03-03,SOYBEANS,SOYBEANS - CHICAGO BOARD OF TRADE,99816,78031,70373
2015-03-03,WHEAT,WHEAT-SRW - CHICAGO BOARD OF TRADE,55787,113640,45327
2015-03-10,CORN,CORN - CHICAGO BOARD OF TRADE,198001,183135,87945
2015-03-10,SOYBEAN MEAL,SOYBEAN MEAL - CHICAGO BOARD OF TRADE,68504,42905,19451
2015-03-10,SOYBEAN OIL,SOYBEAN OIL - CHICAGO BOARD OF TRADE,73499,52183,26542
2015-03-10,SOYBEANS,SOYBEANS - CHICAGO BOARD OF TRADE,84788,81382,71885
2015-03-10,WHEAT,WHEAT-SRW - CHICAGO BOARD OF TRADE,52398,121402,47060
2015-03-17,CORN,CORN - CHICAGO BOARD OF TRADE,186082,249140,98660
2015-03-17,SOYBEAN MEAL,SOYBEAN MEAL - CHICAGO BOARD OF TRADE,58369,46259,19410
2015-03-17,SOYBEAN OIL,SOYBEAN OIL - CHICAGO BOARD OF TRADE,67419,62072,32535
2015-03-17,SOYBEANS,SOYBEANS - CHICAGO BOARD OF TRADE,80507,94847,74101
2015-03-17,WHEAT,WHEAT-SRW - CHICAGO BOARD OF TRADE,54636,123310,49365
2015-03-24,CORN,CORN - CHICAGO BOARD OF TRADE,193574,214501,113447
2015-03-24,SOYBEAN MEAL,SOYBEAN MEAL - CHICAGO BOARD OF TRADE,52553,45966,23766
2015-03-24,SOYBEAN OIL,SOYBEAN OIL - CHICAGO BOARD OF TRADE,65565,60453,34027
2015-03-24,SOYBEANS,SOYBEANS - CHICAGO BOARD OF TRADE,82536,95806,79177
2015-03-24,WHEAT,WHEAT-SRW - CHICAGO BOARD OF TRADE,53510,119619,53437
2015-03-31,CORN,CORN - CHICAGO BOARD OF TRADE,183238,189200,121776
2015-03-31,SOYBEAN MEAL,SOYBEAN MEAL - CHICAGO BOARD OF TRADE,60304,45497,21204
2015-03-31,SOYBEAN OIL,SOYBEAN OIL - CHICAGO BOARD OF TRADE,67306,69010,29946
2015-03-31,SOYBEANS,SOYBEANS - CHICAGO BOARD OF TRADE,85022,106956,89199
2015-03-31,WHEAT,WHEAT-SRW - CHICAGO BOARD OF TRADE,52016,124710,49202
2015-04-07,CORN,CORN - CHICAGO BOARD OF TRADE,178587,183058,127207
2015-04-07,SOYBEAN MEAL,SOYBEAN MEAL - CHICAGO BOARD OF TRADE,51529,49956,19406
2015-04-07,SOYBEAN OIL,SOYBEAN OIL - CHICAGO BOARD OF TRADE,70004,62939,29137
2015-04-07,SOYBEANS,SOYBEANS - CHICAGO BOARD OF TRADE,77695,102638,80967
2015-04-07,WHEAT,WHEAT-SRW - CHICAGO BOARD OF TRADE,53298,123963,55590
2015-04-14,CORN,CORN - CHICAGO BOARD OF TRADE,168163,231301,140792
2015-04-14,SOYBEAN MEAL,SOYBEAN MEAL - CHICAGO BOARD OF TRADE,46983,64737,19878
2015-04-14,SOYBEAN OIL,SOYBEAN OIL - CHICAGO BOARD OF TRADE,72921,55904,28373
2015-04-14,SOYBEANS,SOYBEANS - CHICAGO BOARD OF TRADE,69960,126724,84877
2015-04-14,WHEAT,WHEAT-SRW - CHICAGO BOARD OF TRADE,52842,135802,63833
2015-04-21,CORN,CORN - CHICAGO BOARD OF TRADE,157185,236922,122941
2015-04-21,SOYBEAN MEAL,SOYBEAN MEAL - CHICAGO BOARD OF TRADE,52278,62878,20597
2015-04-21,SOYBEAN OIL,SOYBEAN OIL - CHICAGO BOARD OF TRADE,70457,49627,30572
2015-04-21,SOYBEANS,SOYBEANS - CHICAGO BOARD OF TRADE,75942,103560,76157
2015-04-21,WHEAT,WHEAT-SRW - CHICAGO BOARD OF TRADE,49135,144955,55678
2015-04-28,CORN,CORN - CHICAGO BOARD OF TRADE,170718,282710,113784
2015-04-28,SOYBEAN MEAL,SOYBEAN MEAL - CHICAGO BOARD OF TRADE,58094,54928,15554
2015-04-28,SOYBEAN OIL,SOYBEAN OIL - CHICAGO BOARD OF TRADE,73446,56560,28809
2015-04-28,SOYBEANS,SOYBEANS - CHICAGO BOARD OF TRADE,80110,102024,62433
2015-04-28,WHEAT,WHEAT-SRW - CHICAGO BOARD OF TRADE,49997,157412,49869
2015-05-05,CORN,CORN - CHICAGO BOARD OF TRADE,185576,321767,103849
2015-05-05,SOYBEAN MEAL,SOYBEAN MEAL - CHICAGO BOARD OF TRADE,55115,55223,15684
2015-05-05,SOYBEAN OIL,SOYBEAN OIL - CHICAGO BOARD OF TRADE,82754,46096,27331
2015-05-05,SOYBEANS,SOYBEANS - CHICAGO BOARD OF TRADE,84620,100328,62978
2015-05-05,WHEAT,WHEAT-SRW - CHICAGO BOARD OF TRADE,48931,160304,57869
2015-05-12,CORN,CORN - CHICAGO BOARD OF TRADE,200466,336426,94343
2015-05-12,SOYBEAN MEAL,SOYBEAN MEAL - CHICAGO BOARD OF TRADE,53757,63440,16476
2015-05-12,SOYBEAN OIL,SOYBEAN OIL - CHICAGO BOARD OF TRADE,81655,41207,30890
2015-05-12,SOYBEANS,SOYBEANS - CHICAGO BOARD OF TRADE,80444,118929,57364
2015-05-12,WHEAT,WHEAT-SRW - CHICAGO BOARD OF TRADE,50270,157880,55437
2015-05-19,CORN,CORN - CHICAGO BOARD OF TRADE,213084,368463,98618
2015-05-19,SOYBEAN MEAL,SOYBEAN MEAL - CHICAGO BOARD OF TRADE,52365,60096,18107
2015-05-19,SOYBEAN OIL,SOYBEAN OIL - CHICAGO BOARD OF TRADE,73888,46541,35947
2015-05-19,SOYBEANS,SOYBEANS - CHICAGO BOARD OF TRADE,66485,142086,56985
2015-05-19,WHEAT,WHEAT-SRW - CHICAGO BOARD OF TRADE,62177,135068,52113
2015-05-26,CORN,CORN - CHICAGO BOARD OF TRADE,220551,378957,93586
2015-05-26,SOYBEAN MEAL,SOYBEAN MEAL - CHICAGO BOARD OF TRADE,55369,64034,19042
2015-05-26,SOYBEAN OIL,SOYBEAN OIL - CHICAGO BOARD OF TRADE,76256,47684,33216
2015-05-26,SOYBEANS,SOYBEANS - CHICAGO BOARD OF TRADE,67245,157174,58923
2015-05-26,WHEAT,WHEAT-SRW - CHICAGO BOARD OF TRADE,60902,146397,50749
2015-06-02,CORN,CORN - CHICAGO BOARD OF TRADE,223453,381446,104088
2015-06-02,SOYBEAN MEAL,SOYBEAN MEAL - CHICAGO BOARD OF TRADE,56728,64428,21367
2015-06-02,SOYBEAN OIL,SOYBEAN OIL - CHICAGO BOARD OF TRADE,86071,27323,30230
2015-06-02,SOYBEANS,SOYBEANS - CHICAGO BOARD OF TRADE,73142,156035,66354
2015-06-02,WHEAT,WHEAT-SRW - CHICAGO BOARD OF TRADE,63551,137302,57840
2015-06-09,CORN,CORN - CHICAGO BOARD OF TRADE,226214,338468,111215
2015-06-09,SOYBEAN MEAL,SOYBEAN MEAL - CHICAGO BOARD OF TRADE,60606,59827,23560
2015-06-09,SOYBEAN OIL,SOYBEAN OIL - CHICAGO BOARD OF TRADE,90639,24985,29643
2015-06-09,SOYBEANS,SOYBEANS - CHICAGO BOARD OF TRADE,70751,148247,59487
2015-06-09,WHEAT,WHEAT-SRW - CHICAGO BOARD OF TRADE,73375,106412,59981
2015-06-16,CORN,CORN - CHICAGO BOARD OF TRADE,219318,370585,115040
2015-06-16,SOYBEAN MEAL,SOYBEAN MEAL - CHICAGO BOARD OF TRADE,66185,54974,22508
2015-06-16,SOYBEAN OIL,SOYBEAN OIL - CHICAGO BOARD OF TRADE,81587,40637,29723
2015-06-16,SOYBEANS,SOYBEANS - CHICAGO BOARD OF TRADE,81604,140178,65716
2015-06-16,WHEAT,WHEAT-SRW - CHICAGO BOARD OF TRADE,62539,109361,60678
2015-06-23,CORN,CORN - CHICAGO BOARD OF TRADE,212334,335302,107471
2015-06-23,SOYBEAN MEAL,SOYBEAN MEAL - CHICAGO BOARD OF TRADE,74737,47559,19386
2015-06-23,SOYBEAN OIL,SOYBEAN OIL - CHICAGO BOARD OF TRADE,66316,46197,30376
2015-06-23,SOYBEANS,SOYBEANS - CHICAGO BOARD OF TRADE,90440,85655,58127
2015-06-23,WHEAT,WHEAT-SRW - CHICAGO BOARD OF TRADE,58281,110765,56421
2015-06-30,CORN,CORN - CHICAGO BOARD OF TRADE,256745,216415,99033
2015-06-30,SOYBEAN MEAL,SOYBEAN MEAL - CHICAGO BOARD OF TRADE,85872,45951,15715
2015-06-30,SOYBEAN OIL,SOYBEAN OIL - CHICAGO BOARD OF TRADE,70005,39490,28507
2015-06-30,SOYBEANS,SOYBEANS - CHICAGO BOARD OF TRADE,110319,54429,54216
2015-06-30,WHEAT,WHEAT-SRW - CHICAGO BOARD OF TRADE,85728,71072,41727
2015-07-07,CORN,CORN - CHICAGO BOARD OF TRADE,270061,121169,105078
2015-07-07,SOYBEAN MEAL,SOYBEAN MEAL - CHICAGO BOARD OF TRADE,89620,41512,15960
2015-07-07,SOYBEAN OIL,SOYBEAN OIL - CHICAGO BOARD OF TRADE,65104,45455,25978
2015-07-07,SOYBEANS,SOYBEANS - CHICAGO BOARD OF TRADE,113848,50614,53761
2015-07-07,WHEAT,WHEAT-SRW - CHICAGO BOARD OF TRADE,96137,60722,35536
2015-07-14,CORN,CORN - CHICAGO BOARD OF TRADE,266168,90873,106762
2015-07-14,SOYBEAN MEAL,SOYBEAN MEAL - CHICAGO BOARD OF TRADE,87370,33326,16514
2015-07-14,SOYBEAN OIL,SOYBEAN OIL - CHICAGO BOARD OF TRADE,66221,37547,26468
2015-07-14,SOYBEANS,SOYBEANS - CHICAGO BOARD OF TRADE,114017,40508,52409
2015-07-14,WHEAT,WHEAT-SRW - CHICAGO BOARD OF TRADE,96928,65003,35112
2015-07-21,CORN,CORN - CHICAGO BOARD OF TRADE,309980,62189,120040
2015-07-21,SOYBEAN MEAL,SOYBEAN MEAL - CHICAGO BOARD OF TRADE,92028,30423,18396
2015-07-21,SOYBEAN OIL,SOYBEAN OIL - CHICAGO BOARD OF TRADE,62813,43763,25861
2015-07-21,SOYBEANS,SOYBEANS - CHICAGO BOARD OF TRADE,117221,34842,54873
2015-07-21,WHEAT,WHEAT-SRW - CHICAGO BOARD OF TRADE,89570,71426,37459
2015-07-28,CORN,CORN - CHICAGO BOARD OF TRADE,288561,58187,116518
2015-07-28,SOYBEAN MEAL,SOYBEAN MEAL - CHICAGO BOARD OF TRADE,92164,34120,18862
2015-07-28,SOYBEAN OIL,SOYBEAN OIL - CHICAGO BOARD OF TRADE,57512,58065,24644
2015-07-28,SOYBEANS,SOYBEANS - CHICAGO BOARD OF TRADE,104990,34290,57130
2015-07-28,WHEAT,WHEAT-SRW - CHICAGO BOARD OF TRADE,75038,69892,47002
2015-08-04,CORN,CORN - CHICAGO BOARD OF TRADE,269629,119442,107773
2015-08-04,SOYBEAN MEAL,SOYBEAN MEAL - CHICAGO BOARD OF TRADE,89899,31830,15963
2015-08-04,SOYBEAN OIL,SOYBEAN OIL - CHICAGO BOARD OF TRADE,57988,69512,23094
2015-08-04,SOYBEANS,SOYBEANS - CHICAGO BOARD OF TRADE,98758,38213,57416
2015-08-04,WHEAT,WHEAT-SRW - CHICAGO BOARD OF TRADE,71022,85742,47839
2015-08-11,CORN,CORN - CHICAGO BOARD OF TRADE,260775,168622,97592
2015-08-11,SOYBEAN MEAL,SOYBEAN MEAL - CHICAGO BOARD OF TRADE,89233,33468,17475
2015-08-11,SOYBEAN OIL,SOYBEAN OIL - CHICAGO BOARD OF TRADE,61054,68197,22809
2015-08-11,SOYBEANS,SOYBEANS - CHICAGO BOARD OF TRADE,100159,33895,61679
2015-08-11,WHEAT,WHEAT-SRW - CHICAGO BOARD OF TRADE,73022,86010,47246
2015-08-18,CORN,CORN - CHICAGO BOARD OF TRADE,262880,192025,74542
2015-08-18,SOYBEAN MEAL,SOYBEAN MEAL - CHICAGO BOARD OF TRADE,77172,34711,18305
2015-08-18,SOYBEAN OIL,SOYBEAN OIL - CHICAGO BOARD OF TRADE,66064,76599,23304
2015-08-18,SOYBEANS,SOYBEANS - CHICAGO BOARD OF TRADE,83655,51235,56989
2015-08-18,WHEAT,WHEAT-SRW - CHICAGO BOARD OF TRADE,74565,79047,46714
2015-08-25,CORN,CORN - CHICAGO BOARD OF TRADE,238859,159261,71931
2015-08-25,SOYBEAN MEAL,SOYBEAN MEAL - CHICAGO BOARD OF TRADE,72877,26225,20137
2015-08-25,SOYBEAN OIL,SOYBEAN OIL - CHICAGO BOARD OF TRADE,66626,74817,26499
2015-08-25,SOYBEANS,SOYBEANS - CHICAGO BOARD OF TRADE,72565,53969,55977
2015-08-25,WHEAT,WHEAT-SRW - CHICAGO BOARD OF TRADE,69476,75730,40616
2015-09-01,CORN,CORN - CHICAGO BOARD OF TRADE,234577,152274,65303
2015-09-01,SOYBEAN MEAL,SOYBEAN MEAL - CHICAGO BOARD OF TRADE,65760,29045,16473
2015-09-01,SOYBEAN OIL,SOYBEAN OIL - CHICAGO BOARD OF TRADE,72399,78923,23720
2015-09-01,SOYBEANS,SOYBEANS - CHICAGO BOARD OF TRADE,71519,74504,62723
2015-09-01,WHEAT,WHEAT-SRW - CHICAGO BOARD OF TRADE,58326,85336,36610
2015-09-08,CORN,CORN - CHICAGO BOARD OF TRADE,235813,183614,66901
2015-09-08,SOYBEAN MEAL,SOYBEAN MEAL - CHICAGO BOARD OF TRADE,66208,33805,15979
2015-09-08,SOYBEAN OIL,SOYBEAN OIL - CHICAGO BOARD OF TRADE,68809,79245,28966
2015-09-08,SOYBEANS,SOYBEANS - CHICAGO BOARD OF TRADE,72456,76442,58323
2015-09-08,WHEAT,WHEAT-SRW - CHICAGO BOARD OF TRADE,51735,98766,35384
2015-09-15,CORN,CORN - CHICAGO BOARD OF TRADE,240788,168937,67961
2015-09-15,SOYBEAN MEAL,SOYBEAN MEAL - CHICAGO BOARD OF TRADE,68410,30407,17965
2015-09-15,SOYBEAN OIL,SOYBEAN OIL - CHICAGO BOARD OF TRADE,68625,86020,27634
2015-09-15,SOYBEANS,SOYBEANS - CHICAGO BOARD OF TRADE,73608,85784,64758
2015-09-15,WHEAT,WHEAT-SRW - CHICAGO BOARD OF TRADE,58514,97679,39110
2015-09-22,CORN,CORN - CHICAGO BOARD OF TRADE,242975,171682,73901
2015-09-22,SOYBEAN MEAL,SOYBEAN MEAL - CHICAGO BOARD OF TRADE,61666,38831,14636
2015-09-22,SOYBEAN OIL,SOYBEAN OIL - CHICAGO BOARD OF TRADE,68590,87409,28490
2015-09-22,SOYBEANS,SOYBEANS - CHICAGO BOARD OF TRADE,72258,99574,63496
2015-09-22,WHEAT,WHEAT-SRW - CHICAGO BOARD OF TRADE,61051,95243,38207
2015-09-29,CORN,CORN - CHICAGO BOARD OF TRADE,239468,176017,77210
2015-09-29,SOYBEAN MEAL,SOYBEAN MEAL - CHICAGO BOARD OF TRADE,60800,37983,12077
2015-09-29,SOYBEAN OIL,SOYBEAN OIL - CHICAGO BOARD OF TRADE,63832,69057,28780
2015-09-29,SOYBEANS,SOYBEANS - CHICAGO BOARD OF TRADE,68925,86004,63789
2015-09-29,WHEAT,WHEAT-SRW - CHICAGO BOARD OF TRADE,58947,83944,39462
2015-10-06,CORN,CORN - CHICAGO BOARD OF TRADE,259056,141578,68567
2015-10-06,SOYBEAN MEAL,SOYBEAN MEAL - CHICAGO BOARD OF TRADE,57732,35638,15034
2015-10-06,SOYBEAN OIL,SOYBEAN OIL - CHICAGO BOARD OF TRADE,67192,56277,33070
2015-10-06,SOYBEANS,SOYBEANS - CHICAGO BOARD OF TRADE,72736,80963,68894
2015-10-06,WHEAT,WHEAT-SRW - CHICAGO BOARD OF TRADE,65183,74053,41248
2015-10-13,CORN,CORN - CHICAGO BOARD OF TRADE,236726,145019,79130
2015-10-13,SOYBEAN MEAL,SOYBEAN MEAL - CHICAGO BOARD OF TRADE,68061,36782,20078
2015-10-13,SOYBEAN OIL,SOYBEAN OIL - CHICAGO BOARD OF TRADE,67321,51551,34801
2015-10-13,SOYBEANS,SOYBEANS - CHICAGO BOARD OF TRADE,88446,78724,68191
2015-10-13,WHEAT,WHEAT-SRW - CHICAGO BOARD OF TRADE,62450,76568,43253
2015-10-20,CORN,CORN - CHICAGO BOARD OF TRADE,217794,187765,83035
2015-10-20,SOYBEAN MEAL,SOYBEAN MEAL - CHICAGO BOARD OF TRADE,65311,37244,19881
2015-10-20,SOYBEAN OIL,SOYBEAN OIL - CHICAGO BOARD OF TRADE,72902,50002,36994
2015-10-20,SOYBEANS,SOYBEANS - CHICAGO BOARD OF TRADE,78684,66755,62530
2015-10-20,WHEAT,WHEAT-SRW - CHICAGO BOARD OF TRADE,52552,105255,38842
2015-10-27,CORN,CORN - CHICAGO BOARD OF TRADE,217586,188571,89405
2015-10-27,SOYBEAN MEAL,SOYBEAN MEAL - CHICAGO BOARD OF TRADE,52970,42817,16784
2015-10-27,SOYBEAN OIL,SOYBEAN OIL - CHICAGO BOARD OF TRADE,69220,49708,38778
2015-10-27,SOYBEANS,SOYBEANS - CHICAGO BOARD OF TRADE,75343,71688,54955
2015-10-27,WHEAT,WHEAT-SRW - CHICAGO BOARD OF TRADE,61980,92616,40670
2015-11-03,CORN,CORN - CHICAGO BOARD OF TRADE,208230,188370,99432
2015-11-03,SOYBEAN MEAL,SOYBEAN MEAL - CHICAGO BOARD OF TRADE,52395,49597,16617
2015-11-03,SOYBEAN OIL,SOYBEAN OIL - CHICAGO BOARD OF TRADE,64364,51733,39844
2015-11-03,SOYBEANS,SOYBEANS - CHICAGO BOARD OF TRADE,64006,83809,45858
2015-11-03,WHEAT,WHEAT-SRW - CHICAGO BOARD OF TRADE,67543,83810,38894
2015-11-10,CORN,CORN - CHICAGO BOARD OF TRADE,186651,239815,112894
2015-11-10,SOYBEAN MEAL,SOYBEAN MEAL - CHICAGO BOARD OF TRADE,55538,57941,17287
2015-11-10,SOYBEAN OIL,SOYBEAN OIL - CHICAGO BOARD OF TRADE,64515,64759,43235
2015-11-10,SOYBEANS,SOYBEANS - CHICAGO BOARD OF TRADE,63234,112164,49151
2015-11-10,WHEAT,WHEAT-SRW - CHICAGO BOARD OF TRADE,62201,85115,32898
2015-11-17,CORN,CORN - CHICAGO BOARD OF TRADE,171741,251600,109450
2015-11-17,SOYBEAN MEAL,SOYBEAN MEAL - CHICAGO BOARD OF TRADE,52860,62939,17722
2015-11-17,SOYBEAN OIL,SOYBEAN OIL - CHICAGO BOARD OF TRADE,67275,64907,44192
2015-11-17,SOYBEANS,SOYBEANS - CHICAGO BOARD OF TRADE,58904,105874,53441
2015-11-17,WHEAT,WHEAT-SRW - CHICAGO BOARD OF TRADE,54333,98692,39641
2015-11-24,CORN,CORN - CHICAGO BOARD OF TRADE,160550,268444,104189
2015-11-24,SOYBEAN MEAL,SOYBEAN MEAL - CHICAGO BOARD OF TRADE,49546,71294,17997
2015-11-24,SOYBEAN OIL,SOYBEAN OIL - CHICAGO BOARD OF TRADE,71147,50633,41170
2015-11-24,SOYBEANS,SOYBEANS - CHICAGO BOARD OF TRADE,55768,105952,56159
2015-11-24,WHEAT,WHEAT-SRW - CHICAGO BOARD OF TRADE,53775,100446,39033
2015-12-01,CORN,CORN - CHICAGO BOARD OF TRADE,172967,256715,95035
2015-12-01,SOYBEAN MEAL,SOYBEAN MEAL - CHICAGO BOARD OF TRADE,52567,72489,16857
2015-12-01,SOYBEAN OIL,SOYBEAN OIL - CHICAGO BOARD OF TRADE,74667,35239,36117
2015-12-01,SOYBEANS,SOYBEANS - CHICAGO BOARD OF TRADE,66721,96493,52666
2015-12-01,WHEAT,WHEAT-SRW - CHICAGO BOARD OF TRADE,47805,125309,31799
2015-12-08,CORN,CORN - CHICAGO BOARD OF TRADE,171388,240429,96886
2015-12-08,SOYBEAN MEAL,SOYBEAN MEAL - CHICAGO BOARD OF TRADE,50900,68527,19361
2015-12-08,SOYBEAN OIL,SOYBEAN OIL - CHICAGO BOARD OF TRADE,74842,13031,32033
2015-12-08,SOYBEANS,SOYBEANS - CHICAGO BOARD OF TRADE,77525,85737,53697
2015-12-08,WHEAT,WHEAT-SRW - CHICAGO BOARD OF TRADE,51227,122425,23837
2015-12-15,CORN,CORN - CHICAGO BOARD OF TRADE,166383,209325,99127
2015-12-15,SOYBEAN MEAL,SOYBEAN MEAL - CHICAGO BOARD OF TRADE,46597,72571,20234
2015-12-15,SOYBEAN OIL,SOYBEAN OIL - CHICAGO BOARD OF TRADE,83167,11136,31790
2015-12-15,SOYBEANS,SOYBEANS - CHICAGO BOARD OF TRADE,68305,91256,54402
2015-12-15,WHEAT,WHEAT-SRW - CHICAGO BOARD OF TRADE,59937,107720,20216
2015-12-22,CORN,CORN - CHICAGO BOARD OF TRADE,155008,239826,101337
2015-12-22,SOYBEAN MEAL,SOYBEAN MEAL - CHICAGO BOARD OF TRADE,44186,73563,13922
2015-12-22,SOYBEAN OIL,SOYBEAN OIL - CHICAGO BOARD OF TRADE,85073,19296,29790
2015-12-22,SOYBEANS,SOYBEANS - CHICAGO BOARD OF TRADE,62878,92363,50702
2015-12-22,WHEAT,WHEAT-SRW - CHICAGO BOARD OF TRADE,54118,121377,23801
2015-12-29,CORN,CORN - CHICAGO BOARD OF TRADE,152874,293566,102560
2015-12-29,SOYBEAN MEAL,SOYBEAN MEAL - CHICAGO BOARD OF TRADE,42513,78638,13606
2015-12-29,SOYBEAN OIL,SOYBEAN OIL - CHICAGO BOARD OF TRADE,80399,19345,28565
2015-12-29,SOYBEANS,SOYBEANS - CHICAGO BOARD OF TRADE,53186,109641,47402
2015-12-29,WHEAT,WHEAT-SRW - CHICAGO BOARD OF TRADE,49607,132898,25336
2016-01-05,CORN,CORN - CHICAGO BOARD OF TRADE,154029,322779,102977
2016-01-05,SOYBEAN MEAL,SOYBEAN MEAL - CHICAGO BOARD OF TRADE,44027,88006,14892
2016-01-05,SOYBEAN OIL,SOYBEAN OIL - CHICAGO BOARD OF TRADE,75496,27478,28975
2016-01-05,SOYBEANS,SOYBEANS - CHICAGO BOARD OF TRADE,55531,125289,49052
2016-01-05,WHEAT,WHEAT-SRW - CHICAGO BOARD OF TRADE,48148,145914,30044
2016-01-12,CORN,CORN - CHICAGO BOARD OF TRADE,151082,346420,114778
2016-01-12,SOYBEAN MEAL,SOYBEAN MEAL - CHICAGO BOARD OF TRADE,44326,87040,18713
2016-01-12,SOYBEAN OIL,SOYBEAN OIL - CHICAGO BOARD OF TRADE,70588,37385,34449
2016-01-12,SOYBEANS,SOYBEANS - CHICAGO BOARD OF TRADE,67091,112276,56501
2016-01-12,WHEAT,WHEAT-SRW - CHICAGO BOARD OF TRADE,59125,132400,29950
2016-01-19,CORN,CORN - CHICAGO BOARD OF TRADE,150112,313265,137200
2016-01-19,SOYBEAN MEAL,SOYBEAN MEAL - CHICAGO BOARD OF TRADE,42977,85351,22568
2016-01-19,SOYBEAN OIL,SOYBEAN OIL - CHICAGO BOARD OF TRADE,71140,31611,33561
2016-01-19,SOYBEANS,SOYBEANS - CHICAGO BOARD OF TRADE,70235,87061,57220
2016-01-19,WHEAT,WHEAT-SRW - CHICAGO BOARD OF TRADE,54774,125994,33774
2016-01-26,CORN,CORN - CHICAGO BOARD OF TRADE,151653,243582,135094
2016-01-26,SOYBEAN MEAL,SOYBEAN MEAL - CHICAGO BOARD OF TRADE,40033,74129,25719
2016-01-26,SOYBEAN OIL,SOYBEAN OIL - CHICAGO BOARD OF TRADE,66960,18903,37781
2016-01-26,SOYBEANS,SOYBEANS - CHICAGO BOARD OF TRADE,68513,89706,55514
2016-01-26,WHEAT,WHEAT-SRW - CHICAGO BOARD OF TRADE,60462,111739,31263
2016-02-02,CORN,CORN - CHICAGO BOARD OF TRADE,172484,236272,112138
2016-02-02,SOYBEAN MEAL,SOYBEAN MEAL - CHICAGO BOARD OF TRADE,35551,65430,26091
2016-02-02,SOYBEAN OIL,SOYBEAN OIL - CHICAGO BOARD OF TRADE,72094,21910,32509
2016-02-02,SOYBEANS,SOYBEANS - CHICAGO BOARD OF TRADE,80874,96663,56075
2016-02-02,WHEAT,WHEAT-SRW - CHICAGO BOARD OF TRADE,67378,116651,37493
2016-02-09,CORN,CORN - CHICAGO BOARD OF TRADE,164075,266544,110908
2016-02-09,SOYBEAN MEAL,SOYBEAN MEAL - CHICAGO BOARD OF TRADE,35270,80051,26601
2016-02-09,SOYBEAN OIL,SOYBEAN OIL - CHICAGO BOARD OF TRADE,73843,25759,30643
2016-02-09,SOYBEANS,SOYBEANS - CHICAGO BOARD OF TRADE,65511,120853,64009
2016-02-09,WHEAT,WHEAT-SRW - CHICAGO BOARD OF TRADE,62022,145575,41152
2016-02-16,CORN,CORN - CHICAGO BOARD OF TRADE,159045,296608,104302
2016-02-16,SOYBEAN MEAL,SOYBEAN MEAL - CHICAGO BOARD OF TRADE,36713,78563,25557
2016-02-16,SOYBEAN OIL,SOYBEAN OIL - CHICAGO BOARD OF TRADE,79913,21679,28914
2016-02-16,SOYBEANS,SOYBEANS - CHICAGO BOARD OF TRADE,77622,110694,66732
2016-02-16,WHEAT,WHEAT-SRW - CHICAGO BOARD OF TRADE,62523,149910,34865
2016-02-23,CORN,CORN - CHICAGO BOARD OF TRADE,157677,295677,89280
2016-02-23,SOYBEAN MEAL,SOYBEAN MEAL - CHICAGO BOARD OF TRADE,32656,78075,21539
2016-02-23,SOYBEAN OIL,SOYBEAN OIL - CHICAGO BOARD OF TRADE,80823,29548,24740
2016-02-23,SOYBEANS,SOYBEANS - CHICAGO BOARD OF TRADE,82684,95126,62816
2016-02-23,WHEAT,WHEAT-SRW - CHICAGO BOARD OF TRADE,58886,159277,30705
2016-03-01,CORN,CORN - CHICAGO BOARD OF TRADE,143881,350133,80071
2016-03-01,SOYBEAN MEAL,SOYBEAN MEAL - CHICAGO BOARD OF TRADE,32031,79497,20015
2016-03-01,SOYBEAN OIL,SOYBEAN OIL - CHICAGO BOARD OF TRADE,75924,33898,21610
2016-03-01,SOYBEANS,SOYBEANS - CHICAGO BOARD OF TRADE,58003,127930,68403
2016-03-01,WHEAT,WHEAT-SRW - CHICAGO BOARD OF TRADE,55992,169303,37140
2016-03-08,CORN,CORN - CHICAGO BOARD OF TRADE,140042,376243,85515
2016-03-08,SOYBEAN MEAL,SOYBEAN MEAL - CHICAGO BOARD OF TRADE,36228,60026,21494
2016-03-08,SOYBEAN OIL,SOYBEAN OIL - CHICAGO BOARD OF TRADE,72770,32930,22253
2016-03-08,SOYBEANS,SOYBEANS - CHICAGO BOARD OF TRADE,66138,106256,68945
2016-03-08,WHEAT,WHEAT-SRW - CHICAGO BOARD OF TRADE,59665,153950,37670
2016-03-15,CORN,CORN - CHICAGO BOARD OF TRADE,151873,350131,84563
2016-03-15,SOYBEAN MEAL,SOYBEAN MEAL - CHICAGO BOARD OF TRADE,40070,62718,19646
2016-03-15,SOYBEAN OIL,SOYBEAN OIL - CHICAGO BOARD OF TRADE,100125,23860,21123
2016-03-15,SOYBEANS,SOYBEANS - CHICAGO BOARD OF TRADE,102438,78923,64771
2016-03-15,WHEAT,WHEAT-SRW - CHICAGO BOARD OF TRADE,63083,128409,35611
2016-03-22,CORN,CORN - CHICAGO BOARD OF TRADE,159254,322913,92146
2016-03-22,SOYBEAN MEAL,SOYBEAN MEAL - CHICAGO BOARD OF TRADE,39332,61383,22424
2016-03-22,SOYBEAN OIL,SOYBEAN OIL - CHICAGO BOARD OF TRADE,120198,20199,22772
2016-03-22,SOYBEANS,SOYBEANS - CHICAGO BOARD OF TRADE,125456,72603,64090
2016-03-22,WHEAT,WHEAT-SRW - CHICAGO BOARD OF TRADE,57881,139944,39109
2016-03-29,CORN,CORN - CHICAGO BOARD OF TRADE,162451,278953,87854
2016-03-29,SOYBEAN MEAL,SOYBEAN MEAL - CHICAGO BOARD OF TRADE,40000,52882,20277
2016-03-29,SOYBEAN OIL,SOYBEAN OIL - CHICAGO BOARD OF TRADE,125919,18824,21582
2016-03-29,SOYBEANS,SOYBEANS - CHICAGO BOARD OF TRADE,139667,69512,69513
2016-03-29,WHEAT,WHEAT-SRW - CHICAGO BOARD OF TRADE,61537,133472,37871
2016-04-05,CORN,CORN - CHICAGO BOARD OF TRADE,147984,323588,104230
2016-04-05,SOYBEAN MEAL,SOYBEAN MEAL - CHICAGO BOARD OF TRADE,39706,59354,15469
2016-04-05,SOYBEAN OIL,SOYBEAN OIL - CHICAGO BOARD OF TRADE,134103,24084,27705
2016-04-05,SOYBEANS,SOYBEANS - CHICAGO BOARD OF TRADE,139732,69454,70300
2016-04-05,WHEAT,WHEAT-SRW - CHICAGO BOARD OF TRADE,61771,132165,35601
2016-04-12,CORN,CORN - CHICAGO BOARD OF TRADE,155268,301652,118071
2016-04-12,SOYBEAN MEAL,SOYBEAN MEAL - CHICAGO BOARD OF TRADE,45221,52019,18736
2016-04-12,SOYBEAN OIL,SOYBEAN OIL - CHICAGO BOARD OF TRADE,128224,29631,30992
2016-04-12,SOYBEANS,SOYBEANS - CHICAGO BOARD OF TRADE,159592,65574,73419
2016-04-12,WHEAT,WHEAT-SRW - CHICAGO BOARD OF TRADE,51280,167237,46094
2016-04-19,CORN,CORN - CHICAGO BOARD OF TRADE,182223,211495,114359
2016-04-19,SOYBEAN MEAL,SOYBEAN MEAL - CHICAGO BOARD OF TRADE,51035,37715,17165
2016-04-19,SOYBEAN OIL,SOYBEAN OIL - CHICAGO BOARD OF TRADE,120976,27101,34107
2016-04-19,SOYBEANS,SOYBEANS - CHICAGO BOARD OF TRADE,178900,49016,79505
2016-04-19,WHEAT,WHEAT-SRW - CHICAGO BOARD OF TRADE,56701,146359,43077
2016-04-26,CORN,CORN - CHICAGO BOARD OF TRADE,225198,150545,122376
2016-04-26,SOYBEAN MEAL,SOYBEAN MEAL - CHICAGO BOARD OF TRADE,57164,26311,13336
2016-04-26,SOYBEAN OIL,SOYBEAN OIL - CHICAGO BOARD OF TRADE,114306,19053,31798
2016-04-26,SOYBEANS,SOYBEANS - CHICAGO BOARD OF TRADE,181961,32882,70763
2016-04-26,WHEAT,WHEAT-SRW - CHICAGO BOARD OF TRADE,61911,127721,26765
2016-05-03,CORN,CORN - CHICAGO BOARD OF TRADE,219444,156146,112313
2016-05-03,SOYBEAN MEAL,SOYBEAN MEAL - CHICAGO BOARD OF TRADE,61321,18969,9852
2016-05-03,SOYBEAN OIL,SOYBEAN OIL - CHICAGO BOARD OF TRADE,100140,28720,32629
2016-05-03,SOYBEANS,SOYBEANS - CHICAGO BOARD OF TRADE,192263,31271,72921
2016-05-03,WHEAT,WHEAT-SRW - CHICAGO BOARD OF TRADE,58706,130212,27145
2016-05-10,CORN,CORN - CHICAGO BOARD OF TRADE,197588,162034,100327
2016-05-10,SOYBEAN MEAL,SOYBEAN MEAL - CHICAGO BOARD OF TRADE,71598,11525,11322
2016-05-10,SOYBEAN OIL,SOYBEAN OIL - CHICAGO BOARD OF TRADE,91572,24092,31634
2016-05-10,SOYBEANS,SOYBEANS - CHICAGO BOARD OF TRADE,215951,23421,75212
2016-05-10,WHEAT,WHEAT-SRW - CHICAGO BOARD OF TRADE,53828,143642,31437
2016-05-17,CORN,CORN - CHICAGO BOARD OF TRADE,206198,152121,99071
2016-05-17,SOYBEAN MEAL,SOYBEAN MEAL - CHICAGO BOARD OF TRADE,72064,6351,11658
2016-05-17,SOYBEAN OIL,SOYBEAN OIL - CHICAGO BOARD OF TRADE,89011,19508,31760
2016-05-17,SOYBEANS,SOYBEANS - CHICAGO BOARD OF TRADE,205228,17721,74851
2016-05-17,WHEAT,WHEAT-SRW - CHICAGO BOARD OF TRADE,54939,134073,32183
2016-05-24,CORN,CORN - CHICAGO BOARD OF TRADE,221302,146846,105501
2016-05-24,SOYBEAN MEAL,SOYBEAN MEAL - CHICAGO BOARD OF TRADE,74727,5207,12146
2016-05-24,SOYBEAN OIL,SOYBEAN OIL - CHICAGO BOARD OF TRADE,77228,30367,31773
2016-05-24,SOYBEANS,SOYBEANS - CHICAGO BOARD OF TRADE,193910,13354,75133
2016-05-24,WHEAT,WHEAT-SRW - CHICAGO BOARD OF TRADE,44402,144093,38781
2016-05-31,CORN,CORN - CHICAGO BOARD OF TRADE,254843,112553,122220
2016-05-31,SOYBEAN MEAL,SOYBEAN MEAL - CHICAGO BOARD OF TRADE,81494,6989,11289
2016-05-31,SOYBEAN OIL,SOYBEAN OIL - CHICAGO BOARD OF TRADE,73305,38920,24760
2016-05-31,SOYBEANS,SOYBEANS - CHICAGO BOARD OF TRADE,200896,14910,78617
2016-05-31,WHEAT,WHEAT-SRW - CHICAGO BOARD OF TRADE,44694,147147,36120
2016-06-07,CORN,CORN - CHICAGO BOARD OF TRADE,311063,87480,113039
2016-06-07,SOYBEAN MEAL,SOYBEAN MEAL - CHICAGO BOARD OF TRADE,79648,6542,11571
2016-06-07,SOYBEAN OIL,SOYBEAN OIL - CHICAGO BOARD OF TRADE,73523,36933,24441
2016-06-07,SOYBEANS,SOYBEANS - CHICAGO BOARD OF TRADE,196159,15060,65678
2016-06-07,WHEAT,WHEAT-SRW - CHICAGO BOARD OF TRADE,60165,118531,30451
2016-06-14,CORN,CORN - CHICAGO BOARD OF TRADE,342545,74133,94932
2016-06-14,SOYBEAN MEAL,SOYBEAN MEAL - CHICAGO BOARD OF TRADE,77346,8554,12242
2016-06-14,SOYBEAN OIL,SOYBEAN OIL - CHICAGO BOARD OF TRADE,80145,29685,23899
2016-06-14,SOYBEANS,SOYBEANS - CHICAGO BOARD OF TRADE,195597,17371,62718
2016-06-14,WHEAT,WHEAT-SRW - CHICAGO BOARD OF TRADE,63746,118876,30651
2016-06-21,CORN,CORN - CHICAGO BOARD OF TRADE,318494,102123,93812
2016-06-21,SOYBEAN MEAL,SOYBEAN MEAL - CHICAGO BOARD OF TRADE,75574,10424,11726
2016-06-21,SOYBEAN OIL,SOYBEAN OIL - CHICAGO BOARD OF TRADE,69194,34668,20609
2016-06-21,SOYBEANS,SOYBEANS - CHICAGO BOARD OF TRADE,188907,13452,60243
2016-06-21,WHEAT,WHEAT-SRW - CHICAGO BOARD OF TRADE,55248,132709,28446
2016-06-28,CORN,CORN - CHICAGO BOARD OF TRADE,257819,89587,87726
2016-06-28,SOYBEAN MEAL,SOYBEAN MEAL - CHICAGO BOARD OF TRADE,71574,8822,13878
2016-06-28,SOYBEAN OIL,SOYBEAN OIL - CHICAGO BOARD OF TRADE,58435,38947,18197
2016-06-28,SOYBEANS,SOYBEANS - CHICAGO BOARD OF TRADE,176956,10353,57541
2016-06-28,WHEAT,WHEAT-SRW - CHICAGO BOARD OF TRADE,53761,138735,29416
2016-07-05,CORN,CORN - CHICAGO BOARD OF TRADE,205394,119344,94309
2016-07-05,SOYBEAN MEAL,SOYBEAN MEAL - CHICAGO BOARD OF TRADE,72896,11120,14845
2016-07-05,SOYBEAN OIL,SOYBEAN OIL - CHICAGO BOARD OF TRADE,51453,50746,13998
2016-07-05,SOYBEANS,SOYBEANS - CHICAGO BOARD OF TRADE,161792,19755,55846
2016-07-05,WHEAT,WHEAT-SRW - CHICAGO BOARD OF TRADE,53145,159377,33972
2016-07-12,CORN,CORN - CHICAGO BOARD OF TRADE,167882,173768,98467
2016-07-12,SOYBEAN MEAL,SOYBEAN MEAL - CHICAGO BOARD OF TRADE,71396,9150,14003
2016-07-12,SOYBEAN OIL,SOYBEAN OIL - CHICAGO BOARD OF TRADE,49048,49813,14251
2016-07-12,SOYBEANS,SOYBEANS - CHICAGO BOARD OF TRADE,148582,19769,57583
2016-07-12,WHEAT,WHEAT-SRW - CHICAGO BOARD OF TRADE,55818,174158,37146
2016-07-19,CORN,CORN - CHICAGO BOARD OF TRADE,163260,193018,113139
2016-07-19,SOYBEAN MEAL,SOYBEAN MEAL - CHICAGO BOARD OF TRADE,67759,10705,13424
2016-07-19,SOYBEAN OIL,SOYBEAN OIL - CHICAGO BOARD OF TRADE,47677,53241,16220
2016-07-19,SOYBEANS,SOYBEANS - CHICAGO BOARD OF TRADE,140945,27669,50662
2016-07-19,WHEAT,WHEAT-SRW - CHICAGO BOARD OF TRADE,57629,179077,40405
2016-07-26,CORN,CORN - CHICAGO BOARD OF TRADE,148490,216061,131082
2016-07-26,SOYBEAN MEAL,SOYBEAN MEAL - CHICAGO BOARD OF TRADE,69054,11728,10891
2016-07-26,SOYBEAN OIL,SOYBEAN OIL - CHICAGO BOARD OF TRADE,46310,64436,21452
2016-07-26,SOYBEANS,SOYBEANS - CHICAGO BOARD OF TRADE,128722,19026,49997
2016-07-26,WHEAT,WHEAT-SRW - CHICAGO BOARD OF TRADE,59057,190199,47898
2016-08-02,CORN,CORN - CHICAGO BOARD OF TRADE,149213,255981,131534
2016-08-02,SOYBEAN MEAL,SOYBEAN MEAL - CHICAGO BOARD OF TRADE,67148,9715,11014
2016-08-02,SOYBEAN OIL,SOYBEAN OIL - CHICAGO BOARD OF TRADE,44485,62180,22328
2016-08-02,SOYBEANS,SOYBEANS - CHICAGO BOARD OF TRADE,120374,23353,46216
2016-08-02,WHEAT,WHEAT-SRW - CHICAGO BOARD OF TRADE,61650,192121,52898
2016-08-09,CORN,CORN - CHICAGO BOARD OF TRADE,149953,291448,116160
2016-08-09,SOYBEAN MEAL,SOYBEAN MEAL - CHICAGO BOARD OF TRADE,62164,9471,12131
2016-08-09,SOYBEAN OIL,SOYBEAN OIL - CHICAGO BOARD OF TRADE,53483,47398,21054
2016-08-09,SOYBEANS,SOYBEANS - CHICAGO BOARD OF TRADE,118622,19197,48562
2016-08-09,WHEAT,WHEAT-SRW - CHICAGO BOARD OF TRADE,62348,182660,47641
2016-08-16,CORN,CORN - CHICAGO BOARD OF TRADE,156649,321758,103625
2016-08-16,SOYBEAN MEAL,SOYBEAN MEAL - CHICAGO BOARD OF TRADE,60386,12456,12319
2016-08-16,SOYBEAN OIL,SOYBEAN OIL - CHICAGO BOARD OF TRADE,64642,28154,22097
2016-08-16,SOYBEANS,SOYBEANS - CHICAGO BOARD OF TRADE,111003,22493,53087
2016-08-16,WHEAT,WHEAT-SRW - CHICAGO BOARD OF TRADE,63985,170941,43801
2016-08-23,CORN,CORN - CHICAGO BOARD OF TRADE,176286,334772,100025
2016-08-23,SOYBEAN MEAL,SOYBEAN MEAL - CHICAGO BOARD OF TRADE,64601,14327,13109
2016-08-23,SOYBEAN OIL,SOYBEAN OIL - CHICAGO BOARD OF TRADE,92022,18229,24404
2016-08-23,SOYBEANS,SOYBEANS - CHICAGO BOARD OF TRADE,134135,20689,49485
2016-08-23,WHEAT,WHEAT-SRW - CHICAGO BOARD OF TRADE,68900,174833,44998
2016-08-30,CORN,CORN - CHICAGO BOARD OF TRADE,173135,347624,90998
2016-08-30,SOYBEAN MEAL,SOYBEAN MEAL - CHICAGO BOARD OF TRADE,62296,16287,13003
2016-08-30,SOYBEAN OIL,SOYBEAN OIL - CHICAGO BOARD OF TRADE,102849,19972,26131
2016-08-30,SOYBEANS,SOYBEANS - CHICAGO BOARD OF TRADE,117387,24123,45059
2016-08-30,WHEAT,WHEAT-SRW - CHICAGO BOARD OF TRADE,68659,191997,40895
2016-09-06,CORN,CORN - CHICAGO BOARD OF TRADE,172067,358194,93697
2016-09-06,SOYBEAN MEAL,SOYBEAN MEAL - CHICAGO BOARD OF TRADE,56295,21996,14786
2016-09-06,SOYBEAN OIL,SOYBEAN OIL - CHICAGO BOARD OF TRADE,100001,20338,26694
2016-09-06,SOYBEANS,SOYBEANS - CHICAGO BOARD OF TRADE,104750,27203,49879
2016-09-06,WHEAT,WHEAT-SRW - CHICAGO BOARD OF TRADE,71296,208747,40351
2016-09-13,CORN,CORN - CHICAGO BOARD OF TRADE,176001,327548,87807
2016-09-13,SOYBEAN MEAL,SOYBEAN MEAL - CHICAGO BOARD OF TRADE,54723,20383,18230
2016-09-13,SOYBEAN OIL,SOYBEAN OIL - CHICAGO BOARD OF TRADE,95241,25772,33352
2016-09-13,SOYBEANS,SOYBEANS - CHICAGO BOARD OF TRADE,102602,29716,47171
2016-09-13,WHEAT,WHEAT-SRW - CHICAGO BOARD OF TRADE,71020,200663,44566
2016-09-20,CORN,CORN - CHICAGO BOARD OF TRADE,181231,337264,87646
2016-09-20,SOYBEAN MEAL,SOYBEAN MEAL - CHICAGO BOARD OF TRADE,52569,21352,19330
2016-09-20,SOYBEAN OIL,SOYBEAN OIL - CHICAGO BOARD OF TRADE,95431,16937,30992
2016-09-20,SOYBEANS,SOYBEANS - CHICAGO BOARD OF TRADE,110243,23461,51523
2016-09-20,WHEAT,WHEAT-SRW - CHICAGO BOARD OF TRADE,72280,202842,44464
2016-09-27,CORN,CORN - CHICAGO BOARD OF TRADE,172321,350054,84353
2016-09-27,SOYBEAN MEAL,SOYBEAN MEAL - CHICAGO BOARD OF TRADE,45827,33544,22671
2016-09-27,SOYBEAN OIL,SOYBEAN OIL - CHICAGO BOARD OF TRADE,107442,15856,31458
2016-09-27,SOYBEANS,SOYBEANS - CHICAGO BOARD OF TRADE,95210,40598,49658
2016-09-27,WHEAT,WHEAT-SRW - CHICAGO BOARD OF TRADE,72755,207328,44930
2016-10-04,CORN,CORN - CHICAGO BOARD OF TRADE,183176,336272,82283
2016-10-04,SOYBEAN MEAL,SOYBEAN MEAL - CHICAGO BOARD OF TRADE,47145,32120,22150
2016-10-04,SOYBEAN OIL,SOYBEAN OIL - CHICAGO BOARD OF TRADE,106862,16153,30042
2016-10-04,SOYBEANS,SOYBEANS - CHICAGO BOARD OF TRADE,100243,38252,52867
2016-10-04,WHEAT,WHEAT-SRW - CHICAGO BOARD OF TRADE,70329,225525,44079
2016-10-11,CORN,CORN - CHICAGO BOARD OF TRADE,180101,302015,87824
2016-10-11,SOYBEAN MEAL,SOYBEAN MEAL - CHICAGO BOARD OF TRADE,44296,31253,30018
2016-10-11,SOYBEAN OIL,SOYBEAN OIL - CHICAGO BOARD OF TRADE,100596,20982,32325
2016-10-11,SOYBEANS,SOYBEANS - CHICAGO BOARD OF TRADE,95771,26982,43147
2016-10-11,WHEAT,WHEAT-SRW - CHICAGO BOARD OF TRADE,71202,208445,48703
2016-10-18,CORN,CORN - CHICAGO BOARD OF TRADE,203639,255625,76006
2016-10-18,SOYBEAN MEAL,SOYBEAN MEAL - CHICAGO BOARD OF TRADE,47076,32660,31862
2016-10-18,SOYBEAN OIL,SOYBEAN OIL - CHICAGO BOARD OF TRADE,116030,15653,33262
2016-10-18,SOYBEANS,SOYBEANS - CHICAGO BOARD OF TRADE,112057,23785,39067
2016-10-18,WHEAT,WHEAT-SRW - CHICAGO BOARD OF TRADE,85235,186100,45608
2016-10-25,CORN,CORN - CHICAGO BOARD OF TRADE,197044,257690,76632
2016-10-25,SOYBEAN MEAL,SOYBEAN MEAL - CHICAGO BOARD OF TRADE,47489,32361,29638
2016-10-25,SOYBEAN OIL,SOYBEAN OIL - CHICAGO BOARD OF TRADE,125611,11483,35103
2016-10-25,SOYBEANS,SOYBEANS - CHICAGO BOARD OF TRADE,119324,19858,37266
2016-10-25,WHEAT,WHEAT-SRW - CHICAGO BOARD OF TRADE,78010,202431,47575
2016-11-01,CORN,CORN - CHICAGO BOARD OF TRADE,203173,255934,71197
2016-11-01,SOYBEAN MEAL,SOYBEAN MEAL - CHICAGO BOARD OF TRADE,49117,28269,16696
2016-11-01,SOYBEAN OIL,SOYBEAN OIL - CHICAGO BOARD OF TRADE,136640,10918,30861
2016-11-01,SOYBEANS,SOYBEANS - CHICAGO BOARD OF TRADE,133244,21436,29900
2016-11-01,WHEAT,WHEAT-SRW - CHICAGO BOARD OF TRADE,80479,189057,43081
2016-11-08,CORN,CORN - CHICAGO BOARD OF TRADE,213728,227206,62277
2016-11-08,SOYBEAN MEAL,SOYBEAN MEAL - CHICAGO BOARD OF TRADE,49272,33170,17346
2016-11-08,SOYBEAN OIL,SOYBEAN OIL - CHICAGO BOARD OF TRADE,133037,15282,30129
2016-11-08,SOYBEANS,SOYBEANS - CHICAGO BOARD OF TRADE,144227,19106,29503
2016-11-08,WHEAT,WHEAT-SRW - CHICAGO BOARD OF TRADE,80327,191253,41169
2016-11-15,CORN,CORN - CHICAGO BOARD OF TRADE,180160,254460,70749
2016-11-15,SOYBEAN MEAL,SOYBEAN MEAL - CHICAGO BOARD OF TRADE,49111,35237,17902
2016-11-15,SOYBEAN OIL,SOYBEAN OIL - CHICAGO BOARD OF TRADE,110456,13520,27716
2016-11-15,SOYBEANS,SOYBEANS - CHICAGO BOARD OF TRADE,124841,28088,36389
2016-11-15,WHEAT,WHEAT-SRW - CHICAGO BOARD OF TRADE,69457,201324,44297
2016-11-22,CORN,CORN - CHICAGO BOARD OF TRADE,183579,229217,73632
2016-11-22,SOYBEAN MEAL,SOYBEAN MEAL - CHICAGO BOARD OF TRADE,53622,34608,15815
2016-11-22,SOYBEAN OIL,SOYBEAN OIL - CHICAGO BOARD OF TRADE,108566,13505,27781
2016-11-22,SOYBEANS,SOYBEANS - CHICAGO BOARD OF TRADE,145457,29813,40491
2016-11-22,WHEAT,WHEAT-SRW - CHICAGO BOARD OF TRADE,79131,190239,38708
2016-11-29,CORN,CORN - CHICAGO BOARD OF TRADE,183042,248153,35837
2016-11-29,SOYBEAN MEAL,SOYBEAN MEAL - CHICAGO BOARD OF TRADE,54213,35314,14390
2016-11-29,SOYBEAN OIL,SOYBEAN OIL - CHICAGO BOARD OF TRADE,117078,5791,26698
2016-11-29,SOYBEANS,SOYBEANS - CHICAGO BOARD OF TRADE,171058,33687,40577
2016-11-29,WHEAT,WHEAT-SRW - CHICAGO BOARD OF TRADE,77729,199658,31324
2016-12-06,CORN,CORN - CHICAGO BOARD OF TRADE,170687,236115,52289
2016-12-06,SOYBEAN MEAL,SOYBEAN MEAL - CHICAGO BOARD OF TRADE,53890,30744,14741
2016-12-06,SOYBEAN OIL,SOYBEAN OIL - CHICAGO BOARD OF TRADE,115617,7501,26435
2016-12-06,SOYBEANS,SOYBEANS - CHICAGO BOARD OF TRADE,159782,35024,48544
2016-12-06,WHEAT,WHEAT-SRW - CHICAGO BOARD OF TRADE,75214,199312,26637
2016-12-13,CORN,CORN - CHICAGO BOARD OF TRADE,169404,238454,56442
2016-12-13,SOYBEAN MEAL,SOYBEAN MEAL - CHICAGO BOARD OF TRADE,51384,32722,16004
2016-12-13,SOYBEAN OIL,SOYBEAN OIL - CHICAGO BOARD OF TRADE,113150,13004,26023
2016-12-13,SOYBEANS,SOYBEANS - CHICAGO BOARD OF TRADE,155222,33363,54178
2016-12-13,WHEAT,WHEAT-SRW - CHICAGO BOARD OF TRADE,85011,187079,30588
2016-12-20,CORN,CORN - CHICAGO BOARD OF TRADE,163765,259291,60775
2016-12-20,SOYBEAN MEAL,SOYBEAN MEAL - CHICAGO BOARD OF TRADE,49295,33366,14756
2016-12-20,SOYBEAN OIL,SOYBEAN OIL - CHICAGO BOARD OF TRADE,113354,16469,27081
2016-12-20,SOYBEANS,SOYBEANS - CHICAGO BOARD OF TRADE,146628,34635,44287
2016-12-20,WHEAT,WHEAT-SRW - CHICAGO BOARD OF TRADE,79123,192657,31566
2016-12-27,CORN,CORN - CHICAGO BOARD OF TRADE,163648,273250,63799
2016-12-27,SOYBEAN MEAL,SOYBEAN MEAL - CHICAGO BOARD OF TRADE,51742,32290,14525
2016-12-27,SOYBEAN OIL,SOYBEAN OIL - CHICAGO BOARD OF TRADE,102241,17378,26141
2016-12-27,SOYBEANS,SOYBEANS - CHICAGO BOARD OF TRADE,135016,27723,39933
2016-12-27,WHEAT,WHEAT-SRW - CHICAGO BOARD OF TRADE,77028,196693,31058
2017-01-03,CORN,CORN - CHICAGO BOARD OF TRADE,177373,271407,69481
2017-01-03,SOYBEAN MEAL,SOYBEAN MEAL - CHICAGO BOARD OF TRADE,52370,33506,14607
2017-01-03,SOYBEAN OIL,SOYBEAN OIL - CHICAGO BOARD OF TRADE,90810,20001,27039
2017-01-03,SOYBEANS,SOYBEANS - CHICAGO BOARD OF TRADE,126044,27790,37134
2017-01-03,WHEAT,WHEAT-SRW - CHICAGO BOARD OF TRADE,82186,196805,32238
2017-01-10,CORN,CORN - CHICAGO BOARD OF TRADE,188161,265639,71990
2017-01-10,SOYBEAN MEAL,SOYBEAN MEAL - CHICAGO BOARD OF TRADE,55089,32130,14251
2017-01-10,SOYBEAN OIL,SOYBEAN OIL - CHICAGO BOARD OF TRADE,93333,15096,29732
2017-01-10,SOYBEANS,SOYBEANS - CHICAGO BOARD OF TRADE,128922,29174,37399
2017-01-10,WHEAT,WHEAT-SRW - CHICAGO BOARD OF TRADE,83253,179836,33940
2017-01-17,CORN,CORN - CHICAGO BOARD OF TRADE,202824,256592,79388
2017-01-17,SOYBEAN MEAL,SOYBEAN MEAL - CHICAGO BOARD OF TRADE,68967,19837,17148
2017-01-17,SOYBEAN OIL,SOYBEAN OIL - CHICAGO BOARD OF TRADE,100134,15310,32098
2017-01-17,SOYBEANS,SOYBEANS - CHICAGO BOARD OF TRADE,163971,26750,38576
2017-01-17,WHEAT,WHEAT-SRW - CHICAGO BOARD OF TRADE,83357,180602,36798
2017-01-24,CORN,CORN - CHICAGO BOARD OF TRADE,250506,232746,99444
2017-01-24,SOYBEAN MEAL,SOYBEAN MEAL - CHICAGO BOARD OF TRADE,84483,15790,20594
2017-01-24,SOYBEAN OIL,SOYBEAN OIL - CHICAGO BOARD OF TRADE,109154,13675,34286
2017-01-24,SOYBEANS,SOYBEANS - CHICAGO BOARD OF TRADE,210540,24437,50172
2017-01-24,WHEAT,WHEAT-SRW - CHICAGO BOARD OF TRADE,81604,181976,46557
2017-01-31,CORN,CORN - CHICAGO BOARD OF TRADE,231087,226259,89000
2017-01-31,SOYBEAN MEAL,SOYBEAN MEAL - CHICAGO BOARD OF TRADE,86177,19873,22320
2017-01-31,SOYBEAN OIL,SOYBEAN OIL - CHICAGO BOARD OF TRADE,93155,26816,36515
2017-01-31,SOYBEANS,SOYBEANS - CHICAGO BOARD OF TRADE,185695,26228,51850
2017-01-31,WHEAT,WHEAT-SRW - CHICAGO BOARD OF TRADE,75687,183413,51997
2017-02-07,CORN,CORN - CHICAGO BOARD OF TRADE,255290,219373,93682
2017-02-07,SOYBEAN MEAL,SOYBEAN MEAL - CHICAGO BOARD OF TRADE,84939,23776,21116
2017-02-07,SOYBEAN OIL,SOYBEAN OIL - CHICAGO BOARD OF TRADE,82398,20187,35025
2017-02-07,SOYBEANS,SOYBEANS - CHICAGO BOARD OF TRADE,180101,23793,52654
2017-02-07,WHEAT,WHEAT-SRW - CHICAGO BOARD OF TRADE,82132,173950,46392
2017-02-14,CORN,CORN - CHICAGO BOARD OF TRADE,296824,199625,101604
2017-02-14,SOYBEAN MEAL,SOYBEAN MEAL - CHICAGO BOARD OF TRADE,87767,21350,18719
2017-02-14,SOYBEAN OIL,SOYBEAN OIL - CHICAGO BOARD OF TRADE,83574,15293,31403
2017-02-14,SOYBEANS,SOYBEANS - CHICAGO BOARD OF TRADE,195440,20736,63385
2017-02-14,WHEAT,WHEAT-SRW - CHICAGO BOARD OF TRADE,93892,142014,43822
2017-02-21,CORN,CORN - CHICAGO BOARD OF TRADE,294420,187662,104171
2017-02-21,SOYBEAN MEAL,SOYBEAN MEAL - CHICAGO BOARD OF TRADE,91372,17999,14138
2017-02-21,SOYBEAN OIL,SOYBEAN OIL - CHICAGO BOARD OF TRADE,76920,32536,27722
2017-02-21,SOYBEANS,SOYBEANS - CHICAGO BOARD OF TRADE,184924,23329,57068
2017-02-21,WHEAT,WHEAT-SRW - CHICAGO BOARD OF TRADE,95305,132856,34463
2017-02-28,CORN,CORN - CHICAGO BOARD OF TRADE,269490,181833,106118
2017-02-28,SOYBEAN MEAL,SOYBEAN MEAL - CHICAGO BOARD OF TRADE,88822,18552,14611
2017-02-28,SOYBEAN OIL,SOYBEAN OIL - CHICAGO BOARD OF TRADE,65289,39637,27367
2017-02-28,SOYBEANS,SOYBEANS - CHICAGO BOARD OF TRADE,163164,33474,56327
2017-02-28,WHEAT,WHEAT-SRW - CHICAGO BOARD OF TRADE,84975,144208,26143
2017-03-07,CORN,CORN - CHICAGO BOARD OF TRADE,278156,191136,107077
2017-03-07,SOYBEAN MEAL,SOYBEAN MEAL - CHICAGO BOARD OF TRADE,82839,21311,12717
2017-03-07,SOYBEAN OIL,SOYBEAN OIL - CHICAGO BOARD OF TRADE,65990,41086,24484
2017-03-07,SOYBEANS,SOYBEANS - CHICAGO BOARD OF TRADE,160472,36407,54071
2017-03-07,WHEAT,WHEAT-SRW - CHICAGO BOARD OF TRADE,83486,149007,25972
2017-03-14,CORN,CORN - CHICAGO BOARD OF TRADE,211726,239078,111453
2017-03-14,SOYBEAN MEAL,SOYBEAN MEAL - CHICAGO BOARD OF TRADE,81386,21353,10693
2017-03-14,SOYBEAN OIL,SOYBEAN OIL - CHICAGO BOARD OF TRADE,61934,62416,24740
2017-03-14,SOYBEANS,SOYBEANS - CHICAGO BOARD OF TRADE,138945,45401,53922
2017-03-14,WHEAT,WHEAT-SRW - CHICAGO BOARD OF TRADE,75558,185650,30410
2017-03-21,CORN,CORN - CHICAGO BOARD OF TRADE,209725,293843,112045
2017-03-21,SOYBEAN MEAL,SOYBEAN MEAL - CHICAGO BOARD OF TRADE,83152,23538,11710
2017-03-21,SOYBEAN OIL,SOYBEAN OIL - CHICAGO BOARD OF TRADE,59604,86047,28070
2017-03-21,SOYBEANS,SOYBEANS - CHICAGO BOARD OF TRADE,120463,59824,54666
2017-03-21,WHEAT,WHEAT-SRW - CHICAGO BOARD OF TRADE,75377,208543,37680
2017-03-28,CORN,CORN - CHICAGO BOARD OF TRADE,195089,346887,110072
2017-03-28,SOYBEAN MEAL,SOYBEAN MEAL - CHICAGO BOARD OF TRADE,64459,34309,14421
2017-03-28,SOYBEAN OIL,SOYBEAN OIL - CHICAGO BOARD OF TRADE,62693,83580,29943
2017-03-28,SOYBEANS,SOYBEANS - CHICAGO BOARD OF TRADE,109724,72926,57006
2017-03-28,WHEAT,WHEAT-SRW - CHICAGO BOARD OF TRADE,73161,218039,46257
2017-04-04,CORN,CORN - CHICAGO BOARD OF TRADE,190938,332697,113568
2017-04-04,SOYBEAN MEAL,SOYBEAN MEAL - CHICAGO BOARD OF TRADE,62505,48017,14771
2017-04-04,SOYBEAN OIL,SOYBEAN OIL - CHICAGO BOARD OF TRADE,58002,97784,30646
2017-04-04,SOYBEANS,SOYBEANS - CHICAGO BOARD OF TRADE,91210,95568,65569
2017-04-04,WHEAT,WHEAT-SRW - CHICAGO BOARD OF TRADE,72374,219495,53168
2017-04-11,CORN,CORN - CHICAGO BOARD OF TRADE,199311,346554,107857
2017-04-11,SOYBEAN MEAL,SOYBEAN MEAL - CHICAGO BOARD OF TRADE,65100,56977,16581
2017-04-11,SOYBEAN OIL,SOYBEAN OIL - CHICAGO BOARD OF TRADE,56073,107729,28658
2017-04-11,SOYBEANS,SOYBEANS - CHICAGO BOARD OF TRADE,83350,117313,70954
2017-04-11,WHEAT,WHEAT-SRW - CHICAGO BOARD OF TRADE,75973,216808,48219
2017-04-18,CORN,CORN - CHICAGO BOARD OF TRADE,187399,347776,113772
2017-04-18,SOYBEAN MEAL,SOYBEAN MEAL - CHICAGO BOARD OF TRADE,62864,59775,17788
2017-04-18,SOYBEAN OIL,SOYBEAN OIL - CHICAGO BOARD OF TRADE,58486,107230,27894
2017-04-18,SOYBEANS,SOYBEANS - CHICAGO BOARD OF TRADE,84774,133964,73849
2017-04-18,WHEAT,WHEAT-SRW - CHICAGO BOARD OF TRADE,73369,227714,45199
2017-04-25,CORN,CORN - CHICAGO BOARD OF TRADE,196788,377148,107506
2017-04-25,SOYBEAN MEAL,SOYBEAN MEAL - CHICAGO BOARD OF TRADE,58774,60049,13776
2017-04-25,SOYBEAN OIL,SOYBEAN OIL - CHICAGO BOARD OF TRADE,67100,105824,24759
2017-04-25,SOYBEANS,SOYBEANS - CHICAGO BOARD OF TRADE,81578,134053,58682
2017-04-25,WHEAT,WHEAT-SRW - CHICAGO BOARD OF TRADE,73533,244802,40720
2017-05-02,CORN,CORN - CHICAGO BOARD OF TRADE,194698,365301,80654
2017-05-02,SOYBEAN MEAL,SOYBEAN MEAL - CHICAGO BOARD OF TRADE,56767,61049,15687
2017-05-02,SOYBEAN OIL,SOYBEAN OIL - CHICAGO BOARD OF TRADE,69438,101520,27955
2017-05-02,SOYBEANS,SOYBEANS - CHICAGO BOARD OF TRADE,84803,136286,52757
2017-05-02,WHEAT,WHEAT-SRW - CHICAGO BOARD OF TRADE,78848,202062,37338
2017-05-09,CORN,CORN - CHICAGO BOARD OF TRADE,190389,394365,87328
2017-05-09,SOYBEAN MEAL,SOYBEAN MEAL - CHICAGO BOARD OF TRADE,59199,58658,15772
2017-05-09,SOYBEAN OIL,SOYBEAN OIL - CHICAGO BOARD OF TRADE,75709,90681,24521
2017-05-09,SOYBEANS,SOYBEANS - CHICAGO BOARD OF TRADE,95545,133898,51252
2017-05-09,WHEAT,WHEAT-SRW - CHICAGO BOARD OF TRADE,83693,197512,27788
2017-05-16,CORN,CORN - CHICAGO BOARD OF TRADE,207524,408219,84521
2017-05-16,SOYBEAN MEAL,SOYBEAN MEAL - CHICAGO BOARD OF TRADE,56937,68256,17136
2017-05-16,SOYBEAN OIL,SOYBEAN OIL - CHICAGO BOARD OF TRADE,76267,84632,26730
2017-05-16,SOYBEANS,SOYBEANS - CHICAGO BOARD OF TRADE,93423,132735,54171
2017-05-16,WHEAT,WHEAT-SRW - CHICAGO BOARD OF TRADE,84377,215072,32905
2017-05-23,CORN,CORN - CHICAGO BOARD OF TRADE,215676,388864,88237
2017-05-23,SOYBEAN MEAL,SOYBEAN MEAL - CHICAGO BOARD OF TRADE,49831,84598,21945
2017-05-23,SOYBEAN OIL,SOYBEAN OIL - CHICAGO BOARD OF TRADE,74531,85944,30351
2017-05-23,SOYBEANS,SOYBEANS - CHICAGO BOARD OF TRADE,78255,148030,55380
2017-05-23,WHEAT,WHEAT-SRW - CHICAGO BOARD OF TRADE,88387,209088,44252
2017-05-30,CORN,CORN - CHICAGO BOARD OF TRADE,214236,412350,89656
2017-05-30,SOYBEAN MEAL,SOYBEAN MEAL - CHICAGO BOARD OF TRADE,47395,91447,21601
2017-05-30,SOYBEAN OIL,SOYBEAN OIL - CHICAGO BOARD OF TRADE,72421,97201,33103
2017-05-30,SOYBEANS,SOYBEANS - CHICAGO BOARD OF TRADE,73586,167376,53512
2017-05-30,WHEAT,WHEAT-SRW - CHICAGO BOARD OF TRADE,88316,209921,43969
2017-06-06,CORN,CORN - CHICAGO BOARD OF TRADE,246423,373501,93472
2017-06-06,SOYBEAN MEAL,SOYBEAN MEAL - CHICAGO BOARD OF TRADE,45001,95805,28687
2017-06-06,SOYBEAN OIL,SOYBEAN OIL - CHICAGO BOARD OF TRADE,73817,110605,41139
2017-06-06,SOYBEANS,SOYBEANS - CHICAGO BOARD OF TRADE,78869,180621,57511
2017-06-06,WHEAT,WHEAT-SRW - CHICAGO BOARD OF TRADE,90540,202953,52372
2017-06-13,CORN,CORN - CHICAGO BOARD OF TRADE,265153,269168,117695
2017-06-13,SOYBEAN MEAL,SOYBEAN MEAL - CHICAGO BOARD OF TRADE,47096,92236,28184
2017-06-13,SOYBEAN OIL,SOYBEAN OIL - CHICAGO BOARD OF TRADE,74909,94557,38971
2017-06-13,SOYBEANS,SOYBEANS - CHICAGO BOARD OF TRADE,75600,166390,60511
2017-06-13,WHEAT,WHEAT-SRW - CHICAGO BOARD OF TRADE,93001,178707,52559
2017-06-20,CORN,CORN - CHICAGO BOARD OF TRADE,248050,298377,105196
2017-06-20,SOYBEAN MEAL,SOYBEAN MEAL - CHICAGO BOARD OF TRADE,46459,91486,25344
2017-06-20,SOYBEAN OIL,SOYBEAN OIL - CHICAGO BOARD OF TRADE,76126,73768,39170
2017-06-20,SOYBEANS,SOYBEANS - CHICAGO BOARD OF TRADE,71851,168284,61691
2017-06-20,WHEAT,WHEAT-SRW - CHICAGO BOARD OF TRADE,113999,125788,48313
2017-06-27,CORN,CORN - CHICAGO BOARD OF TRADE,219901,325471,91763
2017-06-27,SOYBEAN MEAL,SOYBEAN MEAL - CHICAGO BOARD OF TRADE,46387,99457,26573
2017-06-27,SOYBEAN OIL,SOYBEAN OIL - CHICAGO BOARD OF TRADE,73115,63196,33091
2017-06-27,SOYBEANS,SOYBEANS - CHICAGO BOARD OF TRADE,70093,196005,53979
2017-06-27,WHEAT,WHEAT-SRW - CHICAGO BOARD OF TRADE,101325,111762,34953
2017-07-03,CORN,CORN - CHICAGO BOARD OF TRADE,223757,261364,74206
2017-07-03,SOYBEAN MEAL,SOYBEAN MEAL - CHICAGO BOARD OF TRADE,43334,86115,27045
2017-07-03,SOYBEAN OIL,SOYBEAN OIL - CHICAGO BOARD OF TRADE,71842,51457,25224
2017-07-03,SOYBEANS,SOYBEANS - CHICAGO BOARD OF TRADE,76394,159024,47933
2017-07-03,WHEAT,WHEAT-SRW - CHICAGO BOARD OF TRADE,119415,95418,33754
2017-07-11,CORN,CORN - CHICAGO BOARD OF TRADE,263074,148008,68334
2017-07-11,SOYBEAN MEAL,SOYBEAN MEAL - CHICAGO BOARD OF TRADE,52959,59670,15863
2017-07-11,SOYBEAN OIL,SOYBEAN OIL - CHICAGO BOARD OF TRADE,78932,35723,27213
2017-07-11,SOYBEANS,SOYBEANS - CHICAGO BOARD OF TRADE,100304,93092,37304
2017-07-11,WHEAT,WHEAT-SRW - CHICAGO BOARD OF TRADE,130320,76349,31245
2017-07-18,CORN,CORN - CHICAGO BOARD OF TRADE,251564,143761,77865
2017-07-18,SOYBEAN MEAL,SOYBEAN MEAL - CHICAGO BOARD OF TRADE,51144,50834,20078
2017-07-18,SOYBEAN OIL,SOYBEAN OIL - CHICAGO BOARD OF TRADE,82576,33300,29560
2017-07-18,SOYBEANS,SOYBEANS - CHICAGO BOARD OF TRADE,103654,72369,34912
2017-07-18,WHEAT,WHEAT-SRW - CHICAGO BOARD OF TRADE,121682,74925,35892
2017-07-25,CORN,CORN - CHICAGO BOARD OF TRADE,246547,139869,77014
2017-07-25,SOYBEAN MEAL,SOYBEAN MEAL - CHICAGO BOARD OF TRADE,47598,51178,19391
2017-07-25,SOYBEAN OIL,SOYBEAN OIL - CHICAGO BOARD OF TRADE,91578,28572,33140
2017-07-25,SOYBEANS,SOYBEANS - CHICAGO BOARD OF TRADE,94209,58256,30097
2017-07-25,WHEAT,WHEAT-SRW - CHICAGO BOARD OF TRADE,106107,73056,35050
2017-08-01,CORN,CORN - CHICAGO BOARD OF TRADE,247063,165620,83369
2017-08-01,SOYBEAN MEAL,SOYBEAN MEAL - CHICAGO BOARD OF TRADE,43901,50028,22983
2017-08-01,SOYBEAN OIL,SOYBEAN OIL - CHICAGO BOARD OF TRADE,96591,28455,34925
2017-08-01,SOYBEANS,SOYBEANS - CHICAGO BOARD OF TRADE,95655,69139,31279
2017-08-01,WHEAT,WHEAT-SRW - CHICAGO BOARD OF TRADE,101906,87167,38133
2017-08-08,CORN,CORN - CHICAGO BOARD OF TRADE,234162,170480,88863
2017-08-08,SOYBEAN MEAL,SOYBEAN MEAL - CHICAGO BOARD OF TRADE,40393,53379,20076
2017-08-08,SOYBEAN OIL,SOYBEAN OIL - CHICAGO BOARD OF TRADE,97213,31979,38103
2017-08-08,SOYBEANS,SOYBEANS - CHICAGO BOARD OF TRADE,77483,76670,33911
2017-08-08,WHEAT,WHEAT-SRW - CHICAGO BOARD OF TRADE,95932,107986,41436
2017-08-15,CORN,CORN - CHICAGO BOARD OF TRADE,233556,204671,97888
2017-08-15,SOYBEAN MEAL,SOYBEAN MEAL - CHICAGO BOARD OF TRADE,41252,64884,20787
2017-08-15,SOYBEAN OIL,SOYBEAN OIL - CHICAGO BOARD OF TRADE,87235,40957,36027
2017-08-15,SOYBEANS,SOYBEANS - CHICAGO BOARD OF TRADE,74701,97352,42153
2017-08-15,WHEAT,WHEAT-SRW - CHICAGO BOARD OF TRADE,89180,125517,41710
2017-08-22,CORN,CORN - CHICAGO BOARD OF TRADE,228781,254804,91645
2017-08-22,SOYBEAN MEAL,SOYBEAN MEAL - CHICAGO BOARD OF TRADE,41568,74282,24433
2017-08-22,SOYBEAN OIL,SOYBEAN OIL - CHICAGO BOARD OF TRADE,81427,35889,32393
2017-08-22,SOYBEANS,SOYBEANS - CHICAGO BOARD OF TRADE,78000,113295,47460
2017-08-22,WHEAT,WHEAT-SRW - CHICAGO BOARD OF TRADE,85507,154297,45418
2017-08-29,CORN,CORN - CHICAGO BOARD OF TRADE,220845,284377,96266
2017-08-29,SOYBEAN MEAL,SOYBEAN MEAL - CHICAGO BOARD OF TRADE,38917,73878,25190
2017-08-29,SOYBEAN OIL,SOYBEAN OIL - CHICAGO BOARD OF TRADE,83805,15955,34502
2017-08-29,SOYBEANS,SOYBEANS - CHICAGO BOARD OF TRADE,76736,109413,53651
2017-08-29,WHEAT,WHEAT-SRW - CHICAGO BOARD OF TRADE,90077,160203,37415
2017-09-05,CORN,CORN - CHICAGO BOARD OF TRADE,215999,319897,90850
2017-09-05,SOYBEAN MEAL,SOYBEAN MEAL - CHICAGO BOARD OF TRADE,38579,74044,25927
2017-09-05,SOYBEAN OIL,SOYBEAN OIL - CHICAGO BOARD OF TRADE,101868,12220,34541
2017-09-05,SOYBEANS,SOYBEANS - CHICAGO BOARD OF TRADE,83238,95767,64625
2017-09-05,WHEAT,WHEAT-SRW - CHICAGO BOARD OF TRADE,93002,172687,33553
2017-09-12,CORN,CORN - CHICAGO BOARD OF TRADE,218509,334853,90839
2017-09-12,SOYBEAN MEAL,SOYBEAN MEAL - CHICAGO BOARD OF TRADE,41799,72282,22510
2017-09-12,SOYBEAN OIL,SOYBEAN OIL - CHICAGO BOARD OF TRADE,114281,13014,31306
2017-09-12,SOYBEANS,SOYBEANS - CHICAGO BOARD OF TRADE,87260,94506,60427
2017-09-12,WHEAT,WHEAT-SRW - CHICAGO BOARD OF TRADE,92865,169569,33567
2017-09-19,CORN,CORN - CHICAGO BOARD OF TRADE,218664,349566,99793
2017-09-19,SOYBEAN MEAL,SOYBEAN MEAL - CHICAGO BOARD OF TRADE,43549,59463,22097
2017-09-19,SOYBEAN OIL,SOYBEAN OIL - CHICAGO BOARD OF TRADE,111176,17724,31410
2017-09-19,SOYBEANS,SOYBEANS - CHICAGO BOARD OF TRADE,89333,77744,60284
2017-09-19,WHEAT,WHEAT-SRW - CHICAGO BOARD OF TRADE,97221,171162,26419
2017-09-26,CORN,CORN - CHICAGO BOARD OF TRADE,219642,341313,94838
2017-09-26,SOYBEAN MEAL,SOYBEAN MEAL - CHICAGO BOARD OF TRADE,45075,49996,18701
2017-09-26,SOYBEAN OIL,SOYBEAN OIL - CHICAGO BOARD OF TRADE,100221,23930,33746
2017-09-26,SOYBEANS,SOYBEANS - CHICAGO BOARD OF TRADE,96108,71095,54042
2017-09-26,WHEAT,WHEAT-SRW - CHICAGO BOARD OF TRADE,101095,156809,30023
2017-10-03,CORN,CORN - CHICAGO BOARD OF TRADE,216268,347227,99147
2017-10-03,SOYBEAN MEAL,SOYBEAN MEAL - CHICAGO BOARD OF TRADE,47756,46007,24361
2017-10-03,SOYBEAN OIL,SOYBEAN OIL - CHICAGO BOARD OF TRADE,75116,43527,36898
2017-10-03,SOYBEANS,SOYBEANS - CHICAGO BOARD OF TRADE,96167,73032,55572
2017-10-03,WHEAT,WHEAT-SRW - CHICAGO BOARD OF TRADE,104022,153306,32610
2017-10-10,CORN,CORN - CHICAGO BOARD OF TRADE,212150,363113,110558
2017-10-10,SOYBEAN MEAL,SOYBEAN MEAL - CHICAGO BOARD OF TRADE,49567,36142,27774
2017-10-10,SOYBEAN OIL,SOYBEAN OIL - CHICAGO BOARD OF TRADE,72575,48265,37738
2017-10-10,SOYBEANS,SOYBEANS - CHICAGO BOARD OF TRADE,87957,62088,49238
2017-10-10,WHEAT,WHEAT-SRW - CHICAGO BOARD OF TRADE,99793,167220,39202
2017-10-17,CORN,CORN - CHICAGO BOARD OF TRADE,213330,367969,118465
2017-10-17,SOYBEAN MEAL,SOYBEAN MEAL - CHICAGO BOARD OF TRADE,51891,30377,29059
2017-10-17,SOYBEAN OIL,SOYBEAN OIL - CHICAGO BOARD OF TRADE,74942,48744,37911
2017-10-17,SOYBEANS,SOYBEANS - CHICAGO BOARD OF TRADE,110613,43100,52819
2017-10-17,WHEAT,WHEAT-SRW - CHICAGO BOARD OF TRADE,94296,173111,46229
2017-10-24,CORN,CORN - CHICAGO BOARD OF TRADE,214861,370168,121621
2017-10-24,SOYBEAN MEAL,SOYBEAN MEAL - CHICAGO BOARD OF TRADE,53367,34729,26307
2017-10-24,SOYBEAN OIL,SOYBEAN OIL - CHICAGO BOARD OF TRADE,79898,42869,39945
2017-10-24,SOYBEANS,SOYBEANS - CHICAGO BOARD OF TRADE,98658,51424,56968
2017-10-24,WHEAT,WHEAT-SRW - CHICAGO BOARD OF TRADE,95183,178731,56391
2017-10-31,CORN,CORN - CHICAGO BOARD OF TRADE,195077,394212,119898
2017-10-31,SOYBEAN MEAL,SOYBEAN MEAL - CHICAGO BOARD OF TRADE,48663,38987,28092
2017-10-31,SOYBEAN OIL,SOYBEAN OIL - CHICAGO BOARD OF TRADE,79344,34121,41000
2017-10-31,SOYBEANS,SOYBEANS - CHICAGO BOARD OF TRADE,94831,55815,46838
2017-10-31,WHEAT,WHEAT-SRW - CHICAGO BOARD OF TRADE,86565,202132,65145
2017-11-07,CORN,CORN - CHICAGO BOARD OF TRADE,202829,405285,133645
2017-11-07,SOYBEAN MEAL,SOYBEAN MEAL - CHICAGO BOARD OF TRADE,47450,38103,26123
2017-11-07,SOYBEAN OIL,SOYBEAN OIL - CHICAGO BOARD OF TRADE,85589,29644,48052
2017-11-07,SOYBEANS,SOYBEANS - CHICAGO BOARD OF TRADE,97847,52794,54019
2017-11-07,WHEAT,WHEAT-SRW - CHICAGO BOARD OF TRADE,84421,212542,62284
2017-11-14,CORN,CORN - CHICAGO BOARD OF TRADE,204586,447470,141948
2017-11-14,SOYBEAN MEAL,SOYBEAN MEAL - CHICAGO BOARD OF TRADE,48154,40462,21588
2017-11-14,SOYBEAN OIL,SOYBEAN OIL - CHICAGO BOARD OF TRADE,89805,31807,46621
2017-11-14,SOYBEANS,SOYBEANS - CHICAGO BOARD OF TRADE,92482,75213,57628
2017-11-14,WHEAT,WHEAT-SRW - CHICAGO BOARD OF TRADE,89295,202559,62116
2017-11-21,CORN,CORN - CHICAGO BOARD OF TRADE,219169,431448,142111
2017-11-21,SOYBEAN MEAL,SOYBEAN MEAL - CHICAGO BOARD OF TRADE,51276,34669,19207
2017-11-21,SOYBEAN OIL,SOYBEAN OIL - CHICAGO BOARD OF TRADE,84396,35625,43695
2017-11-21,SOYBEANS,SOYBEANS - CHICAGO BOARD OF TRADE,84836,64522,61794
2017-11-21,WHEAT,WHEAT-SRW - CHICAGO BOARD OF TRADE,90116,209162,52981
2017-11-28,CORN,CORN - CHICAGO BOARD OF TRADE,216408,410428,140408
2017-11-28,SOYBEAN MEAL,SOYBEAN MEAL - CHICAGO BOARD OF TRADE,62771,23736,21141
2017-11-28,SOYBEAN OIL,SOYBEAN OIL - CHICAGO BOARD OF TRADE,76863,49580,49760
2017-11-28,SOYBEANS,SOYBEANS - CHICAGO BOARD OF TRADE,86557,56512,64796
2017-11-28,WHEAT,WHEAT-SRW - CHICAGO BOARD OF TRADE,90972,217438,50787
2017-12-05,CORN,CORN - CHICAGO BOARD OF TRADE,230912,385973,140808
2017-12-05,SOYBEAN MEAL,SOYBEAN MEAL - CHICAGO BOARD OF TRADE,80090,16119,23743
2017-12-05,SOYBEAN OIL,SOYBEAN OIL - CHICAGO BOARD OF TRADE,70625,56550,53308
2017-12-05,SOYBEANS,SOYBEANS - CHICAGO BOARD OF TRADE,106441,51556,61289
2017-12-05,WHEAT,WHEAT-SRW - CHICAGO BOARD OF TRADE,90722,213101,50708
2017-12-12,CORN,CORN - CHICAGO BOARD OF TRADE,207082,406002,153715
2017-12-12,SOYBEAN MEAL,SOYBEAN MEAL - CHICAGO BOARD OF TRADE,83233,15236,20047
2017-12-12,SOYBEAN OIL,SOYBEAN OIL - CHICAGO BOARD OF TRADE,78791,65541,42409
2017-12-12,SOYBEANS,SOYBEANS - CHICAGO BOARD OF TRADE,83076,70621,52391
2017-12-12,WHEAT,WHEAT-SRW - CHICAGO BOARD OF TRADE,81764,247176,57913
2017-12-19,CORN,CORN - CHICAGO BOARD OF TRADE,209192,432597,152434
2017-12-19,SOYBEAN MEAL,SOYBEAN MEAL - CHICAGO BOARD OF TRADE,70155,20532,15160
2017-12-19,SOYBEAN OIL,SOYBEAN OIL - CHICAGO BOARD OF TRADE,78277,68673,42311
2017-12-19,SOYBEANS,SOYBEANS - CHICAGO BOARD OF TRADE,69068,121555,52743
2017-12-19,WHEAT,WHEAT-SRW - CHICAGO BOARD OF TRADE,83667,247765,56539
2017-12-26,CORN,CORN - CHICAGO BOARD OF TRADE,211405,409898,140926
2017-12-26,SOYBEAN MEAL,SOYBEAN MEAL - CHICAGO BOARD OF TRADE,65548,33374,15074
2017-12-26,SOYBEAN OIL,SOYBEAN OIL - CHICAGO BOARD OF TRADE,74767,71171,37327
2017-12-26,SOYBEANS,SOYBEANS - CHICAGO BOARD OF TRADE,69246,140623,57762
2017-12-26,WHEAT,WHEAT-SRW - CHICAGO BOARD OF TRADE,81533,233593,56119
2018-01-02,CORN,CORN - CHICAGO BOARD OF TRADE,213196,402732,146881
2018-01-02,SOYBEAN MEAL,SOYBEAN MEAL - CHICAGO BOARD OF TRADE,61513,41670,21489
2018-01-02,SOYBEAN OIL,SOYBEAN OIL - CHICAGO BOARD OF TRADE,73473,70102,45118
2018-01-02,SOYBEANS,SOYBEANS - CHICAGO BOARD OF TRADE,67873,155716,50986
2018-01-02,WHEAT,WHEAT-SRW - CHICAGO BOARD OF TRADE,83747,219270,57853
2018-01-09,CORN,CORN - CHICAGO BOARD OF TRADE,204600,421432,164268
2018-01-09,SOYBEAN MEAL,SOYBEAN MEAL - CHICAGO BOARD OF TRADE,60480,43293,25157
2018-01-09,SOYBEAN OIL,SOYBEAN OIL - CHICAGO BOARD OF TRADE,77139,65499,40914
2018-01-09,SOYBEANS,SOYBEANS - CHICAGO BOARD OF TRADE,69126,164834,53137
2018-01-09,WHEAT,WHEAT-SRW - CHICAGO BOARD OF TRADE,86427,221943,54721
2018-01-16,CORN,CORN - CHICAGO BOARD OF TRADE,213267,438330,163816
2018-01-16,SOYBEAN MEAL,SOYBEAN MEAL - CHICAGO BOARD OF TRADE,58672,49592,27704
2018-01-16,SOYBEAN OIL,SOYBEAN OIL - CHICAGO BOARD OF TRADE,70808,76784,45063
2018-01-16,SOYBEANS,SOYBEANS - CHICAGO BOARD OF TRADE,70762,176467,54043
2018-01-16,WHEAT,WHEAT-SRW - CHICAGO BOARD OF TRADE,83567,232536,56351
2018-01-23,CORN,CORN - CHICAGO BOARD OF TRADE,207907,424964,157560
2018-01-23,SOYBEAN MEAL,SOYBEAN MEAL - CHICAGO BOARD OF TRADE,68878,35757,26608
2018-01-23,SOYBEAN OIL,SOYBEAN OIL - CHICAGO BOARD OF TRADE,71260,92941,51989
2018-01-23,SOYBEANS,SOYBEANS - CHICAGO BOARD OF TRADE,73602,154820,49220
2018-01-23,WHEAT,WHEAT-SRW - CHICAGO BOARD OF TRADE,80414,230191,65479
2018-01-30,CORN,CORN - CHICAGO BOARD OF TRADE,236675,365729,159183
2018-01-30,SOYBEAN MEAL,SOYBEAN MEAL - CHICAGO BOARD OF TRADE,74449,19349,34703
2018-01-30,SOYBEAN OIL,SOYBEAN OIL - CHICAGO BOARD OF TRADE,70044,87306,55686
2018-01-30,SOYBEANS,SOYBEANS - CHICAGO BOARD OF TRADE,83342,106484,49932
2018-01-30,WHEAT,WHEAT-SRW - CHICAGO BOARD OF TRADE,89527,181059,62932
2018-02-06,CORN,CORN - CHICAGO BOARD OF TRADE,242857,327729,143346
2018-02-06,SOYBEAN MEAL,SOYBEAN MEAL - CHICAGO BOARD OF TRADE,70957,18804,39264
2018-02-06,SOYBEAN OIL,SOYBEAN OIL - CHICAGO BOARD OF TRADE,73992,76628,52153
2018-02-06,SOYBEANS,SOYBEANS - CHICAGO BOARD OF TRADE,80633,93228,50992
2018-02-06,WHEAT,WHEAT-SRW - CHICAGO BOARD OF TRADE,91062,169318,64832
2018-02-13,CORN,CORN - CHICAGO BOARD OF TRADE,258539,263755,147588
2018-02-13,SOYBEAN MEAL,SOYBEAN MEAL - CHICAGO BOARD OF TRADE,82008,12021,38470
2018-02-13,SOYBEAN OIL,SOYBEAN OIL - CHICAGO BOARD OF TRADE,71432,85248,47474
2018-02-13,SOYBEANS,SOYBEANS - CHICAGO BOARD OF TRADE,94855,57989,56638
2018-02-13,WHEAT,WHEAT-SRW - CHICAGO BOARD OF TRADE,92337,139310,54748
2018-02-20,CORN,CORN - CHICAGO BOARD OF TRADE,265863,243467,158432
2018-02-20,SOYBEAN MEAL,SOYBEAN MEAL - CHICAGO BOARD OF TRADE,91822,8454,35987
2018-02-20,SOYBEAN OIL,SOYBEAN OIL - CHICAGO BOARD OF TRADE,68712,95686,38232
2018-02-20,SOYBEANS,SOYBEANS - CHICAGO BOARD OF TRADE,127468,34887,53539
2018-02-20,WHEAT,WHEAT-SRW - CHICAGO BOARD OF TRADE,90928,151085,49398
2018-02-27,CORN,CORN - CHICAGO BOARD OF TRADE,282353,223908,146197
2018-02-27,SOYBEAN MEAL,SOYBEAN MEAL - CHICAGO BOARD OF TRADE,113949,7783,22874
2018-02-27,SOYBEAN OIL,SOYBEAN OIL - CHICAGO BOARD OF TRADE,71874,81944,36236
2018-02-27,SOYBEANS,SOYBEANS - CHICAGO BOARD OF TRADE,160203,20357,52805
2018-02-27,WHEAT,WHEAT-SRW - CHICAGO BOARD OF TRADE,85174,139734,38634
2018-03-06,CORN,CORN - CHICAGO BOARD OF TRADE,344088,180474,147819
2018-03-06,SOYBEAN MEAL,SOYBEAN MEAL - CHICAGO BOARD OF TRADE,121194,5903,23263
2018-03-06,SOYBEAN OIL,SOYBEAN OIL - CHICAGO BOARD OF TRADE,72569,82981,37392
2018-03-06,SOYBEANS,SOYBEANS - CHICAGO BOARD OF TRADE,188512,10681,64213
2018-03-06,WHEAT,WHEAT-SRW - CHICAGO BOARD OF TRADE,89335,110935,42734
2018-03-13,CORN,CORN - CHICAGO BOARD OF TRADE,379108,141465,175090
2018-03-13,SOYBEAN MEAL,SOYBEAN MEAL - CHICAGO BOARD OF TRADE,116476,5320,25364
2018-03-13,SOYBEAN OIL,SOYBEAN OIL - CHICAGO BOARD OF TRADE,69972,90632,44002
2018-03-13,SOYBEANS,SOYBEANS - CHICAGO BOARD OF TRADE,209152,8378,55708
2018-03-13,WHEAT,WHEAT-SRW - CHICAGO BOARD OF TRADE,82729,110095,51068
2018-03-20,CORN,CORN - CHICAGO BOARD OF TRADE,368293,160917,154038
2018-03-20,SOYBEAN MEAL,SOYBEAN MEAL - CHICAGO BOARD OF TRADE,107178,7546,27886
2018-03-20,SOYBEAN OIL,SOYBEAN OIL - CHICAGO BOARD OF TRADE,68731,93008,44741
2018-03-20,SOYBEANS,SOYBEANS - CHICAGO BOARD OF TRADE,196461,12221,56285
2018-03-20,WHEAT,WHEAT-SRW - CHICAGO BOARD OF TRADE,66581,122873,53608
2018-03-27,CORN,CORN - CHICAGO BOARD OF TRADE,307875,199036,143169
2018-03-27,SOYBEAN MEAL,SOYBEAN MEAL - CHICAGO BOARD OF TRADE,107619,5942,26210
2018-03-27,SOYBEAN OIL,SOYBEAN OIL - CHICAGO BOARD OF TRADE,66642,101916,48001
2018-03-27,SOYBEANS,SOYBEANS - CHICAGO BOARD OF TRADE,183493,10482,66790
2018-03-27,WHEAT,WHEAT-SRW - CHICAGO BOARD OF TRADE,65297,143404,59807
2018-04-03,CORN,CORN - CHICAGO BOARD OF TRADE,319724,181479,148849
2018-04-03,SOYBEAN MEAL,SOYBEAN MEAL - CHICAGO BOARD OF TRADE,104046,6125,34070
2018-04-03,SOYBEAN OIL,SOYBEAN OIL - CHICAGO BOARD OF TRADE,70431,92485,48868
2018-04-03,SOYBEANS,SOYBEANS - CHICAGO BOARD OF TRADE,184893,12464,70574
2018-04-03,WHEAT,WHEAT-SRW - CHICAGO BOARD OF TRADE,68340,140303,60403
2018-04-10,CORN,CORN - CHICAGO BOARD OF TRADE,323112,153327,165868
2018-04-10,SOYBEAN MEAL,SOYBEAN MEAL - CHICAGO BOARD OF TRADE,113298,5538,40296
2018-04-10,SOYBEAN OIL,SOYBEAN OIL - CHICAGO BOARD OF TRADE,69356,101538,48237
2018-04-10,SOYBEANS,SOYBEANS - CHICAGO BOARD OF TRADE,180851,11312,76205
2018-04-10,WHEAT,WHEAT-SRW - CHICAGO BOARD OF TRADE,76231,121092,52170
2018-04-17,CORN,CORN - CHICAGO BOARD OF TRADE,292821,166432,174478
2018-04-17,SOYBEAN MEAL,SOYBEAN MEAL - CHICAGO BOARD OF TRADE,113004,5210,48418
2018-04-17,SOYBEAN OIL,SOYBEAN OIL - CHICAGO BOARD OF TRADE,69137,108991,50890
2018-04-17,SOYBEANS,SOYBEANS - CHICAGO BOARD OF TRADE,195145,6982,86551
2018-04-17,WHEAT,WHEAT-SRW - CHICAGO BOARD OF TRADE,75573,122533,49925
2018-04-24,CORN,CORN - CHICAGO BOARD OF TRADE,299404,185286,161182
2018-04-24,SOYBEAN MEAL,SOYBEAN MEAL - CHICAGO BOARD OF TRADE,110517,5359,48377
2018-04-24,SOYBEAN OIL,SOYBEAN OIL - CHICAGO BOARD OF TRADE,68363,120153,41505
2018-04-24,SOYBEANS,SOYBEANS - CHICAGO BOARD OF TRADE,180681,10766,72827
2018-04-24,WHEAT,WHEAT-SRW - CHICAGO BOARD OF TRADE,75779,126286,52655
2018-05-01,CORN,CORN - CHICAGO BOARD OF TRADE,339428,153152,143805
2018-05-01,SOYBEAN MEAL,SOYBEAN MEAL - CHICAGO BOARD OF TRADE,134742,2616,44304
2018-05-01,SOYBEAN OIL,SOYBEAN OIL - CHICAGO BOARD OF TRADE,66534,138999,44301
2018-05-01,SOYBEANS,SOYBEANS - CHICAGO BOARD OF TRADE,187160,8878,61448
2018-05-01,WHEAT,WHEAT-SRW - CHICAGO BOARD OF TRADE,94494,113434,49161
2018-05-08,CORN,CORN - CHICAGO BOARD OF TRADE,339273,133126,182509
2018-05-08,SOYBEAN MEAL,SOYBEAN MEAL - CHICAGO BOARD OF TRADE,131638,1956,42838
2018-05-08,SOYBEAN OIL,SOYBEAN OIL - CHICAGO BOARD OF TRADE,69181,135765,50969
2018-05-08,SOYBEANS,SOYBEANS - CHICAGO BOARD OF TRADE,148614,26149,67650
2018-05-08,WHEAT,WHEAT-SRW - CHICAGO BOARD OF TRADE,105653,93068,53139
2018-05-15,CORN,CORN - CHICAGO BOARD OF TRADE,330210,145437,204039
2018-05-15,SOYBEAN MEAL,SOYBEAN MEAL - CHICAGO BOARD OF TRADE,124636,3457,46164
2018-05-15,SOYBEAN OIL,SOYBEAN OIL - CHICAGO BOARD OF TRADE,72389,126726,52467
2018-05-15,SOYBEANS,SOYBEANS - CHICAGO BOARD OF TRADE,140492,39420,74789
2018-05-15,WHEAT,WHEAT-SRW - CHICAGO BOARD OF TRADE,99806,101375,43313
2018-05-22,CORN,CORN - CHICAGO BOARD OF TRADE,340066,149131,221273
2018-05-22,SOYBEAN MEAL,SOYBEAN MEAL - CHICAGO BOARD OF TRADE,119170,3866,46135
2018-05-22,SOYBEAN OIL,SOYBEAN OIL - CHICAGO BOARD OF TRADE,70019,116047,53991
2018-05-22,SOYBEANS,SOYBEANS - CHICAGO BOARD OF TRADE,129399,34603,78843
2018-05-22,WHEAT,WHEAT-SRW - CHICAGO BOARD OF TRADE,101131,92312,58670
2018-05-29,CORN,CORN - CHICAGO BOARD OF TRADE,335541,154751,231064
2018-05-29,SOYBEAN MEAL,SOYBEAN MEAL - CHICAGO BOARD OF TRADE,118675,5486,47902
2018-05-29,SOYBEAN OIL,SOYBEAN OIL - CHICAGO BOARD OF TRADE,68706,116846,52516
2018-05-29,SOYBEANS,SOYBEANS - CHICAGO BOARD OF TRADE,131910,28320,79654
2018-05-29,WHEAT,WHEAT-SRW - CHICAGO BOARD OF TRADE,111739,85913,71621
2018-06-05,CORN,CORN - CHICAGO BOARD OF TRADE,306994,228298,215006
2018-06-05,SOYBEAN MEAL,SOYBEAN MEAL - CHICAGO BOARD OF TRADE,108480,7100,51757
2018-06-05,SOYBEAN OIL,SOYBEAN OIL - CHICAGO BOARD OF TRADE,67229,123568,52797
2018-06-05,SOYBEANS,SOYBEANS - CHICAGO BOARD OF TRADE,109869,44692,81355
2018-06-05,WHEAT,WHEAT-SRW - CHICAGO BOARD OF TRADE,105207,82149,75525
2018-06-12,CORN,CORN - CHICAGO BOARD OF TRADE,292054,304292,172623
2018-06-12,SOYBEAN MEAL,SOYBEAN MEAL - CHICAGO BOARD OF TRADE,101758,11266,56487
2018-06-12,SOYBEAN OIL,SOYBEAN OIL - CHICAGO BOARD OF TRADE,63929,136253,47808
2018-06-12,SOYBEANS,SOYBEANS - CHICAGO BOARD OF TRADE,87605,87500,84868
2018-06-12,WHEAT,WHEAT-SRW - CHICAGO BOARD OF TRADE,108373,83238,76573
2018-06-19,CORN,CORN - CHICAGO BOARD OF TRADE,299377,356828,163454
2018-06-19,SOYBEAN MEAL,SOYBEAN MEAL - CHICAGO BOARD OF TRADE,99218,16081,50331
2018-06-19,SOYBEAN OIL,SOYBEAN OIL - CHICAGO BOARD OF TRADE,60603,152243,56627
2018-06-19,SOYBEANS,SOYBEANS - CHICAGO BOARD OF TRADE,87683,114720,90845
2018-06-19,WHEAT,WHEAT-SRW - CHICAGO BOARD OF TRADE,92839,97700,67951
2018-06-26,CORN,CORN - CHICAGO BOARD OF TRADE,287061,377825,153461
2018-06-26,SOYBEAN MEAL,SOYBEAN MEAL - CHICAGO BOARD OF TRADE,84384,22623,55282
2018-06-26,SOYBEAN OIL,SOYBEAN OIL - CHICAGO BOARD OF TRADE,62222,152750,46015
2018-06-26,SOYBEANS,SOYBEANS - CHICAGO BOARD OF TRADE,77622,130278,75133
2018-06-26,WHEAT,WHEAT-SRW - CHICAGO BOARD OF TRADE,90338,102406,63445
2018-07-03,CORN,CORN - CHICAGO BOARD OF TRADE,274795,382191,149756
2018-07-03,SOYBEAN MEAL,SOYBEAN MEAL - CHICAGO BOARD OF TRADE,78961,23937,62694
2018-07-03,SOYBEAN OIL,SOYBEAN OIL - CHICAGO BOARD OF TRADE,62744,152227,43260
2018-07-03,SOYBEANS,SOYBEANS - CHICAGO BOARD OF TRADE,72724,136886,74193
2018-07-03,WHEAT,WHEAT-SRW - CHICAGO BOARD OF TRADE,89756,91007,65869
2018-07-10,CORN,CORN - CHICAGO BOARD OF TRADE,263353,404297,154286
2018-07-10,SOYBEAN MEAL,SOYBEAN MEAL - CHICAGO BOARD OF TRADE,76755,26582,64748
2018-07-10,SOYBEAN OIL,SOYBEAN OIL - CHICAGO BOARD OF TRADE,61815,147378,47587
2018-07-10,SOYBEANS,SOYBEANS - CHICAGO BOARD OF TRADE,77363,140906,80757
2018-07-10,WHEAT,WHEAT-SRW - CHICAGO BOARD OF TRADE,87306,88572,63879
2018-07-17,CORN,CORN - CHICAGO BOARD OF TRADE,254060,420025,173373
2018-07-17,SOYBEAN MEAL,SOYBEAN MEAL - CHICAGO BOARD OF TRADE,78945,26851,59702
2018-07-17,SOYBEAN OIL,SOYBEAN OIL - CHICAGO BOARD OF TRADE,62400,152809,54819
2018-07-17,SOYBEANS,SOYBEANS - CHICAGO BOARD OF TRADE,75154,147163,89771
2018-07-17,WHEAT,WHEAT-SRW - CHICAGO BOARD OF TRADE,88328,87762,61148
2018-07-24,CORN,CORN - CHICAGO BOARD OF TRADE,266787,431710,181344
2018-07-24,SOYBEAN MEAL,SOYBEAN MEAL - CHICAGO BOARD OF TRADE,77804,29931,61087
2018-07-24,SOYBEAN OIL,SOYBEAN OIL - CHICAGO BOARD OF TRADE,58007,148078,56881
2018-07-24,SOYBEANS,SOYBEANS - CHICAGO BOARD OF TRADE,81975,155334,95042
2018-07-24,WHEAT,WHEAT-SRW - CHICAGO BOARD OF TRADE,97498,74895,58527
2018-07-31,CORN,CORN - CHICAGO BOARD OF TRADE,279674,375287,180269
2018-07-31,SOYBEAN MEAL,SOYBEAN MEAL - CHICAGO BOARD OF TRADE,79558,29569,56665
2018-07-31,SOYBEAN OIL,SOYBEAN OIL - CHICAGO BOARD OF TRADE,54363,145762,61563
2018-07-31,SOYBEANS,SOYBEANS - CHICAGO BOARD OF TRADE,83014,149573,100170
2018-07-31,WHEAT,WHEAT-SRW - CHICAGO BOARD OF TRADE,114525,63248,80948
2018-08-07,CORN,CORN - CHICAGO BOARD OF TRADE,257337,325362,179713
2018-08-07,SOYBEAN MEAL,SOYBEAN MEAL - CHICAGO BOARD OF TRADE,75259,29999,61683
2018-08-07,SOYBEAN OIL,SOYBEAN OIL - CHICAGO BOARD OF TRADE,56402,147370,67938
2018-08-07,SOYBEANS,SOYBEANS - CHICAGO BOARD OF TRADE,76334,139400,92867
2018-08-07,WHEAT,WHEAT-SRW - CHICAGO BOARD OF TRADE,128323,61972,71060
2018-08-14,CORN,CORN - CHICAGO BOARD OF TRADE,249690,309829,183191
2018-08-14,SOYBEAN MEAL,SOYBEAN MEAL - CHICAGO BOARD OF TRADE,82547,27968,57442
2018-08-14,SOYBEAN OIL,SOYBEAN OIL - CHICAGO BOARD OF TRADE,56915,153602,69230
2018-08-14,SOYBEANS,SOYBEANS - CHICAGO BOARD OF TRADE,77154,139388,100049
2018-08-14,WHEAT,WHEAT-SRW - CHICAGO BOARD OF TRADE,130761,65535,70352
2018-08-21,CORN,CORN - CHICAGO BOARD OF TRADE,250778,300674,167554
2018-08-21,SOYBEAN MEAL,SOYBEAN MEAL - CHICAGO BOARD OF TRADE,78495,27361,55387
2018-08-21,SOYBEAN OIL,SOYBEAN OIL - CHICAGO BOARD OF TRADE,54604,149405,70219
2018-08-21,SOYBEANS,SOYBEANS - CHICAGO BOARD OF TRADE,78911,120938,104756
2018-08-21,WHEAT,WHEAT-SRW - CHICAGO BOARD OF TRADE,124516,67069,71752
2018-08-28,CORN,CORN - CHICAGO BOARD OF TRADE,250704,330009,175825
2018-08-28,SOYBEAN MEAL,SOYBEAN MEAL - CHICAGO BOARD OF TRADE,71726,45260,53855
2018-08-28,SOYBEAN OIL,SOYBEAN OIL - CHICAGO BOARD OF TRADE,59014,145174,70499
2018-08-28,SOYBEANS,SOYBEANS - CHICAGO BOARD OF TRADE,75059,136308,104547
2018-08-28,WHEAT,WHEAT-SRW - CHICAGO BOARD OF TRADE,107818,61720,64616
2018-09-04,CORN,CORN - CHICAGO BOARD OF TRADE,266879,347418,170781
2018-09-04,SOYBEAN MEAL,SOYBEAN MEAL - CHICAGO BOARD OF TRADE,68529,48958,62120
2018-09-04,SOYBEAN OIL,SOYBEAN OIL - CHICAGO BOARD OF TRADE,58006,145628,68450
2018-09-04,SOYBEANS,SOYBEANS - CHICAGO BOARD OF TRADE,78159,147958,103230
2018-09-04,WHEAT,WHEAT-SRW - CHICAGO BOARD OF TRADE,102036,66039,67275
2018-09-11,CORN,CORN - CHICAGO BOARD OF TRADE,258836,342728,174476
2018-09-11,SOYBEAN MEAL,SOYBEAN MEAL - CHICAGO BOARD OF TRADE,70301,41797,59891
2018-09-11,SOYBEAN OIL,SOYBEAN OIL - CHICAGO BOARD OF TRADE,53906,151171,67577
2018-09-11,SOYBEANS,SOYBEANS - CHICAGO BOARD OF TRADE,77326,156221,104320
2018-09-11,WHEAT,WHEAT-SRW - CHICAGO BOARD OF TRADE,91549,79974,67112
2018-09-18,CORN,CORN - CHICAGO BOARD OF TRADE,240866,399290,179519
2018-09-18,SOYBEAN MEAL,SOYBEAN MEAL - CHICAGO BOARD OF TRADE,69043,47840,55776
2018-09-18,SOYBEAN OIL,SOYBEAN OIL - CHICAGO BOARD OF TRADE,49242,160088,69413
2018-09-18,SOYBEANS,SOYBEANS - CHICAGO BOARD OF TRADE,83287,165504,111247
2018-09-18,WHEAT,WHEAT-SRW - CHICAGO BOARD OF TRADE,84887,93138,71856
2018-09-25,CORN,CORN - CHICAGO BOARD OF TRADE,247611,372466,177615
2018-09-25,SOYBEAN MEAL,SOYBEAN MEAL - CHICAGO BOARD OF TRADE,65525,44426,54914
2018-09-25,SOYBEAN OIL,SOYBEAN OIL - CHICAGO BOARD OF TRADE,54009,139230,74523
2018-09-25,SOYBEANS,SOYBEANS - CHICAGO BOARD OF TRADE,89562,149688,104104
2018-09-25,WHEAT,WHEAT-SRW - CHICAGO BOARD OF TRADE,89837,89610,64781
2018-10-02,CORN,CORN - CHICAGO BOARD OF TRADE,248380,315767,182365
2018-10-02,SOYBEAN MEAL,SOYBEAN MEAL - CHICAGO BOARD OF TRADE,72549,45741,50672
2018-10-02,SOYBEAN OIL,SOYBEAN OIL - CHICAGO BOARD OF TRADE,62198,112607,72690
2018-10-02,SOYBEANS,SOYBEANS - CHICAGO BOARD OF TRADE,91548,134426,109383
2018-10-02,WHEAT,WHEAT-SRW - CHICAGO BOARD OF TRADE,85923,97631,68332
2018-10-09,CORN,CORN - CHICAGO BOARD OF TRADE,252289,291688,187693
2018-10-09,SOYBEAN MEAL,SOYBEAN MEAL - CHICAGO BOARD OF TRADE,77066,38426,49763
2018-10-09,SOYBEAN OIL,SOYBEAN OIL - CHICAGO BOARD OF TRADE,59756,100134,73512
2018-10-09,SOYBEANS,SOYBEANS - CHICAGO BOARD OF TRADE,87990,127681,108834
2018-10-09,WHEAT,WHEAT-SRW - CHICAGO BOARD OF TRADE,81759,99857,69391
2018-10-16,CORN,CORN - CHICAGO BOARD OF TRADE,259114,237856,182703
2018-10-16,SOYBEAN MEAL,SOYBEAN MEAL - CHICAGO BOARD OF TRADE,76756,34733,50712
2018-10-16,SOYBEAN OIL,SOYBEAN OIL - CHICAGO BOARD OF TRADE,61688,93306,74241
2018-10-16,SOYBEANS,SOYBEANS - CHICAGO BOARD OF TRADE,87564,118676,111560
2018-10-16,WHEAT,WHEAT-SRW - CHICAGO BOARD OF TRADE,83934,100186,69024
2018-10-23,CORN,CORN - CHICAGO BOARD OF TRADE,259272,231369,188988
2018-10-23,SOYBEAN MEAL,SOYBEAN MEAL - CHICAGO BOARD OF TRADE,72783,36331,53835
2018-10-23,SOYBEAN OIL,SOYBEAN OIL - CHICAGO BOARD OF TRADE,63730,94504,68705
2018-10-23,SOYBEANS,SOYBEANS - CHICAGO BOARD OF TRADE,85486,124765,95378
2018-10-23,WHEAT,WHEAT-SRW - CHICAGO BOARD OF TRADE,78305,108328,76238
2018-10-30,CORN,CORN - CHICAGO BOARD OF TRADE,243634,232064,208299
2018-10-30,SOYBEAN MEAL,SOYBEAN MEAL - CHICAGO BOARD OF TRADE,68119,45936,57846
2018-10-30,SOYBEAN OIL,SOYBEAN OIL - CHICAGO BOARD OF TRADE,57724,112437,68414
2018-10-30,SOYBEANS,SOYBEANS - CHICAGO BOARD OF TRADE,74062,143977,93092
2018-10-30,WHEAT,WHEAT-SRW - CHICAGO BOARD OF TRADE,77026,124954,92078
2018-11-06,CORN,CORN - CHICAGO BOARD OF TRADE,237768,223206,224077
2018-11-06,SOYBEAN MEAL,SOYBEAN MEAL - CHICAGO BOARD OF TRADE,62417,43254,56573
2018-11-06,SOYBEAN OIL,SOYBEAN OIL - CHICAGO BOARD OF TRADE,53446,112562,72024
2018-11-06,SOYBEANS,SOYBEANS - CHICAGO BOARD OF TRADE,74952,113818,102549
2018-11-06,WHEAT,WHEAT-SRW - CHICAGO BOARD OF TRADE,79302,121267,94709
2018-11-13,CORN,CORN - CHICAGO BOARD OF TRADE,240283,224450,236577
2018-11-13,SOYBEAN MEAL,SOYBEAN MEAL - CHICAGO BOARD OF TRADE,54976,53066,54643
2018-11-13,SOYBEAN OIL,SOYBEAN OIL - CHICAGO BOARD OF TRADE,52432,122918,73378
2018-11-13,SOYBEANS,SOYBEANS - CHICAGO BOARD OF TRADE,74434,123919,101158
2018-11-13,WHEAT,WHEAT-SRW - CHICAGO BOARD OF TRADE,79385,107910,90618
2018-11-20,CORN,CORN - CHICAGO BOARD OF TRADE,220820,230672,222639
2018-11-20,SOYBEAN MEAL,SOYBEAN MEAL - CHICAGO BOARD OF TRADE,53271,52047,47618
2018-11-20,SOYBEAN OIL,SOYBEAN OIL - CHICAGO BOARD OF TRADE,50962,130209,71865
2018-11-20,SOYBEANS,SOYBEANS - CHICAGO BOARD OF TRADE,73778,126957,93782
2018-11-20,WHEAT,WHEAT-SRW - CHICAGO BOARD OF TRADE,79070,118712,80903
2018-11-27,CORN,CORN - CHICAGO BOARD OF TRADE,215823,246877,224204
2018-11-27,SOYBEAN MEAL,SOYBEAN MEAL - CHICAGO BOARD OF TRADE,49591,56475,42786
2018-11-27,SOYBEAN OIL,SOYBEAN OIL - CHICAGO BOARD OF TRADE,50753,131317,63902
2018-11-27,SOYBEANS,SOYBEANS - CHICAGO BOARD OF TRADE,73241,132544,91004
2018-11-27,WHEAT,WHEAT-SRW - CHICAGO BOARD OF TRADE,81196,119940,82489
2018-12-04,CORN,CORN - CHICAGO BOARD OF TRADE,259022,219112,209379
2018-12-04,SOYBEAN MEAL,SOYBEAN MEAL - CHICAGO BOARD OF TRADE,50168,52015,44382
2018-12-04,SOYBEAN OIL,SOYBEAN OIL - CHICAGO BOARD OF TRADE,57990,117939,67283
2018-12-04,SOYBEANS,SOYBEANS - CHICAGO BOARD OF TRADE,88963,101539,93747
2018-12-04,WHEAT,WHEAT-SRW - CHICAGO BOARD OF TRADE,86488,113513,81339
2018-12-11,CORN,CORN - CHICAGO BOARD OF TRADE,268915,179181,198643
2018-12-11,SOYBEAN MEAL,SOYBEAN MEAL - CHICAGO BOARD OF TRADE,47974,54687,44060
2018-12-11,SOYBEAN OIL,SOYBEAN OIL - CHICAGO BOARD OF TRADE,58344,104959,59532
2018-12-11,SOYBEANS,SOYBEANS - CHICAGO BOARD OF TRADE,84880,85563,87460
2018-12-11,WHEAT,WHEAT-SRW - CHICAGO BOARD OF TRADE,88293,110748,77985
2018-12-18,CORN,CORN - CHICAGO BOARD OF TRADE,289292,164865,198709
2018-12-18,SOYBEAN MEAL,SOYBEAN MEAL - CHICAGO BOARD OF TRADE,47573,50750,40662
2018-12-18,SOYBEAN OIL,SOYBEAN OIL - CHICAGO BOARD OF TRADE,55199,102810,57155
2018-12-18,SOYBEANS,SOYBEANS - CHICAGO BOARD OF TRADE,88020,74854,84622
2018-12-18,WHEAT,WHEAT-SRW - CHICAGO BOARD OF TRADE,99248,102860,75640
2018-12-24,CORN,CORN - CHICAGO BOARD OF TRADE,267961,177081,200554
2018-12-24,SOYBEAN MEAL,SOYBEAN MEAL - CHICAGO BOARD OF TRADE,49420,49213,36464
2018-12-24,SOYBEAN OIL,SOYBEAN OIL - CHICAGO BOARD OF TRADE,50520,101867,52961
2018-12-24,SOYBEANS,SOYBEANS - CHICAGO BOARD OF TRADE,74614,77853,81609
2018-12-24,WHEAT,WHEAT-SRW - CHICAGO BOARD OF TRADE,91602,109927,69318
2018-12-31,CORN,CORN - CHICAGO BOARD OF TRADE,252288,203100,205209
2018-12-31,SOYBEAN MEAL,SOYBEAN MEAL - CHICAGO BOARD OF TRADE,49009,42969,38732
2018-12-31,SOYBEAN OIL,SOYBEAN OIL - CHICAGO BOARD OF TRADE,49281,109237,56757
2018-12-31,SOYBEANS,SOYBEANS - CHICAGO BOARD OF TRADE,68802,83097,83022
2018-12-31,WHEAT,WHEAT-SRW - CHICAGO BOARD OF TRADE,86852,121154,69400
2019-01-08,CORN,CORN - CHICAGO BOARD OF TRADE,263578,193418,224737
2019-01-08,SOYBEAN MEAL,SOYBEAN MEAL - CHICAGO BOARD OF TRADE,57768,30733,46550
2019-01-08,SOYBEAN OIL,SOYBEAN OIL - CHICAGO BOARD OF TRADE,50010,99739,57345
2019-01-08,SOYBEANS,SOYBEANS - CHICAGO BOARD OF TRADE,81299,76585,79138
2019-01-08,WHEAT,WHEAT-SRW - CHICAGO BOARD OF TRADE,94762,111639,79636
2019-01-15,CORN,CORN - CHICAGO BOARD OF TRADE,237425,221731,231882
2019-01-15,SOYBEAN MEAL,SOYBEAN MEAL - CHICAGO BOARD OF TRADE,51488,39818,47588
2019-01-15,SOYBEAN OIL,SOYBEAN OIL - CHICAGO BOARD OF TRADE,53087,101307,59344
2019-01-15,SOYBEANS,SOYBEANS - CHICAGO BOARD OF TRADE,68349,85047,89536
2019-01-15,WHEAT,WHEAT-SRW - CHICAGO BOARD OF TRADE,95619,111327,78613
2019-01-22,CORN,CORN - CHICAGO BOARD OF TRADE,233371,200052,260063
2019-01-22,SOYBEAN MEAL,SOYBEAN MEAL - CHICAGO BOARD OF TRADE,50516,42612,50794
2019-01-22,SOYBEAN OIL,SOYBEAN OIL - CHICAGO BOARD OF TRADE,57776,88436,61325
2019-01-22,SOYBEANS,SOYBEANS - CHICAGO BOARD OF TRADE,66095,81389,93026
2019-01-22,WHEAT,WHEAT-SRW - CHICAGO BOARD OF TRADE,100089,108630,82625
2019-01-29,CORN,CORN - CHICAGO BOARD OF TRADE,204165,213997,268643
2019-01-29,SOYBEAN MEAL,SOYBEAN MEAL - CHICAGO BOARD OF TRADE,49566,47480,52511
2019-01-29,SOYBEAN OIL,SOYBEAN OIL - CHICAGO BOARD OF TRADE,69152,65508,58276
2019-01-29,SOYBEANS,SOYBEANS - CHICAGO BOARD OF TRADE,75594,70933,87760
2019-01-29,WHEAT,WHEAT-SRW - CHICAGO BOARD OF TRADE,92227,114667,79777
2019-02-05,CORN,CORN - CHICAGO BOARD OF TRADE,208095,214679,262076
2019-02-05,SOYBEAN MEAL,SOYBEAN MEAL - CHICAGO BOARD OF TRADE,43560,57311,56556
2019-02-05,SOYBEAN OIL,SOYBEAN OIL - CHICAGO BOARD OF TRADE,79748,50523,58756
2019-02-05,SOYBEANS,SOYBEANS - CHICAGO BOARD OF TRADE,82242,70562,92991
2019-02-05,WHEAT,WHEAT-SRW - CHICAGO BOARD OF TRADE,98294,104849,84468
2019-02-12,CORN,CORN - CHICAGO BOARD OF TRADE,217914,250739,259367
2019-02-12,SOYBEAN MEAL,SOYBEAN MEAL - CHICAGO BOARD OF TRADE,41255,70055,53334
2019-02-12,SOYBEAN OIL,SOYBEAN OIL - CHICAGO BOARD OF TRADE,83919,48841,62786
2019-02-12,SOYBEANS,SOYBEANS - CHICAGO BOARD OF TRADE,75108,77236,87242
2019-02-12,WHEAT,WHEAT-SRW - CHICAGO BOARD OF TRADE,92502,106822,79170
2019-02-19,CORN,CORN - CHICAGO BOARD OF TRADE,206034,309693,249075
2019-02-19,SOYBEAN MEAL,SOYBEAN MEAL - CHICAGO BOARD OF TRADE,42745,82349,43094
2019-02-19,SOYBEAN OIL,SOYBEAN OIL - CHICAGO BOARD OF TRADE,80506,50677,53635
2019-02-19,SOYBEANS,SOYBEANS - CHICAGO BOARD OF TRADE,65993,103890,82840
2019-02-19,WHEAT,WHEAT-SRW - CHICAGO BOARD OF TRADE,86823,134334,73433
2019-02-26,CORN,CORN - CHICAGO BOARD OF TRADE,218980,336927,217466
2019-02-26,SOYBEAN MEAL,SOYBEAN MEAL - CHICAGO BOARD OF TRADE,40337,88182,39649
2019-02-26,SOYBEAN OIL,SOYBEAN OIL - CHICAGO BOARD OF TRADE,74875,51653,55583
2019-02-26,SOYBEANS,SOYBEANS - CHICAGO BOARD OF TRADE,70733,103141,78526
2019-02-26,WHEAT,WHEAT-SRW - CHICAGO BOARD OF TRADE,85670,145875,72937
2019-03-05,CORN,CORN - CHICAGO BOARD OF TRADE,211082,403929,224730
2019-03-05,SOYBEAN MEAL,SOYBEAN MEAL - CHICAGO BOARD OF TRADE,46416,87617,41299
2019-03-05,SOYBEAN OIL,SOYBEAN OIL - CHICAGO BOARD OF TRADE,73662,53742,56938
2019-03-05,SOYBEANS,SOYBEANS - CHICAGO BOARD OF TRADE,69493,116249,82586
2019-03-05,WHEAT,WHEAT-SRW - CHICAGO BOARD OF TRADE,87270,161189,85111
2019-03-12,CORN,CORN - CHICAGO BOARD OF TRADE,200436,483417,245507
2019-03-12,SOYBEAN MEAL,SOYBEAN MEAL - CHICAGO BOARD OF TRADE,47309,91598,42399
2019-03-12,SOYBEAN OIL,SOYBEAN OIL - CHICAGO BOARD OF TRADE,76082,57577,57323
2019-03-12,SOYBEANS,SOYBEANS - CHICAGO BOARD OF TRADE,64923,153973,76969
2019-03-12,WHEAT,WHEAT-SRW - CHICAGO BOARD OF TRADE,86365,162143,101286
2019-03-19,CORN,CORN - CHICAGO BOARD OF TRADE,196687,479532,277998
2019-03-19,SOYBEAN MEAL,SOYBEAN MEAL - CHICAGO BOARD OF TRADE,49536,77913,48428
2019-03-19,SOYBEAN OIL,SOYBEAN OIL - CHICAGO BOARD OF TRADE,73391,64538,67108
2019-03-19,SOYBEANS,SOYBEANS - CHICAGO BOARD OF TRADE,71955,134159,84934
2019-03-19,WHEAT,WHEAT-SRW - CHICAGO BOARD OF TRADE,85258,163957,107574
2019-03-26,CORN,CORN - CHICAGO BOARD OF TRADE,196246,414673,281122
2019-03-26,SOYBEAN MEAL,SOYBEAN MEAL - CHICAGO BOARD OF TRADE,53933,65319,52264
2019-03-26,SOYBEAN OIL,SOYBEAN OIL - CHICAGO BOARD OF TRADE,69563,78270,67884
2019-03-26,SOYBEANS,SOYBEANS - CHICAGO BOARD OF TRADE,79563,127263,88995
2019-03-26,WHEAT,WHEAT-SRW - CHICAGO BOARD OF TRADE,82872,147422,109865
2019-04-02,CORN,CORN - CHICAGO BOARD OF TRADE,183992,447760,262602
2019-04-02,SOYBEAN MEAL,SOYBEAN MEAL - CHICAGO BOARD OF TRADE,51962,63556,56649
2019-04-02,SOYBEAN OIL,SOYBEAN OIL - CHICAGO BOARD OF TRADE,63957,90528,57686
2019-04-02,SOYBEANS,SOYBEANS - CHICAGO BOARD OF TRADE,81122,150275,95809
2019-04-02,WHEAT,WHEAT-SRW - CHICAGO BOARD OF TRADE,80786,138669,113168
2019-04-09,CORN,CORN - CHICAGO BOARD OF TRADE,181495,471354,240727
2019-04-09,SOYBEAN MEAL,SOYBEAN MEAL - CHICAGO BOARD OF TRADE,53115,60517,57640
2019-04-09,SOYBEAN OIL,SOYBEAN OIL - CHICAGO BOARD OF TRADE,67418,99364,52289
2019-04-09,SOYBEANS,SOYBEANS - CHICAGO BOARD OF TRADE,77057,147791,104499
2019-04-09,WHEAT,WHEAT-SRW - CHICAGO BOARD OF TRADE,79026,135984,100615
2019-04-16,CORN,CORN - CHICAGO BOARD OF TRADE,182959,509846,227472
2019-04-16,SOYBEAN MEAL,SOYBEAN MEAL - CHICAGO BOARD OF TRADE,53687,64296,60264
2019-04-16,SOYBEAN OIL,SOYBEAN OIL - CHICAGO BOARD OF TRADE,66274,101132,48572
2019-04-16,SOYBEANS,SOYBEANS - CHICAGO BOARD OF TRADE,72985,165729,103485
2019-04-16,WHEAT,WHEAT-SRW - CHICAGO BOARD OF TRADE,78690,148660,92756
2019-04-23,CORN,CORN - CHICAGO BOARD OF TRADE,185815,530000,225416
2019-04-23,SOYBEAN MEAL,SOYBEAN MEAL - CHICAGO BOARD OF TRADE,55108,74723,54592
2019-04-23,SOYBEAN OIL,SOYBEAN OIL - CHICAGO BOARD OF TRADE,63539,115419,41776
2019-04-23,SOYBEANS,SOYBEANS - CHICAGO BOARD OF TRADE,63440,197384,101219
2019-04-23,WHEAT,WHEAT-SRW - CHICAGO BOARD OF TRADE,81665,158380,93369
2019-04-30,CORN,CORN - CHICAGO BOARD OF TRADE,188517,507481,217420
2019-04-30,SOYBEAN MEAL,SOYBEAN MEAL - CHICAGO BOARD OF TRADE,56502,71243,65090
2019-04-30,SOYBEAN OIL,SOYBEAN OIL - CHICAGO BOARD OF TRADE,64520,122730,50451
2019-04-30,SOYBEANS,SOYBEANS - CHICAGO BOARD OF TRADE,59360,207396,104054
2019-04-30,WHEAT,WHEAT-SRW - CHICAGO BOARD OF TRADE,76268,165371,93245
2019-05-07,CORN,CORN - CHICAGO BOARD OF TRADE,192469,488467,209832
2019-05-07,SOYBEAN MEAL,SOYBEAN MEAL - CHICAGO BOARD OF TRADE,54872,87081,70039
2019-05-07,SOYBEAN OIL,SOYBEAN OIL - CHICAGO BOARD OF TRADE,64299,135245,55118
2019-05-07,SOYBEANS,SOYBEANS - CHICAGO BOARD OF TRADE,60617,223645,110768
2019-05-07,WHEAT,WHEAT-SRW - CHICAGO BOARD OF TRADE,79157,166088,97360
2019-05-14,CORN,CORN - CHICAGO BOARD OF TRADE,184831,483382,198862
2019-05-14,SOYBEAN MEAL,SOYBEAN MEAL - CHICAGO BOARD OF TRADE,56347,93906,72040
2019-05-14,SOYBEAN OIL,SOYBEAN OIL - CHICAGO BOARD OF TRADE,64873,145158,65066
2019-05-14,SOYBEANS,SOYBEANS - CHICAGO BOARD OF TRADE,59587,230728,109204
2019-05-14,WHEAT,WHEAT-SRW - CHICAGO BOARD OF TRADE,80449,162286,105120
2019-05-21,CORN,CORN - CHICAGO BOARD OF TRADE,223236,341190,200141
2019-05-21,SOYBEAN MEAL,SOYBEAN MEAL - CHICAGO BOARD OF TRADE,51318,84603,75557
2019-05-21,SOYBEAN OIL,SOYBEAN OIL - CHICAGO BOARD OF TRADE,69560,139396,69073
2019-05-21,SOYBEANS,SOYBEANS - CHICAGO BOARD OF TRADE,62145,220143,105520
2019-05-21,WHEAT,WHEAT-SRW - CHICAGO BOARD OF TRADE,86098,126257,105765
2019-05-28,CORN,CORN - CHICAGO BOARD OF TRADE,233812,256106,213500
2019-05-28,SOYBEAN MEAL,SOYBEAN MEAL - CHICAGO BOARD OF TRADE,54807,72705,73145
2019-05-28,SOYBEAN OIL,SOYBEAN OIL - CHICAGO BOARD OF TRADE,68165,131069,68850
2019-05-28,SOYBEANS,SOYBEANS - CHICAGO BOARD OF TRADE,64252,192389,109831
2019-05-28,WHEAT,WHEAT-SRW - CHICAGO BOARD OF TRADE,85887,109093,104862
2019-06-04,CORN,CORN - CHICAGO BOARD OF TRADE,247479,152217,221766
2019-06-04,SOYBEAN MEAL,SOYBEAN MEAL - CHICAGO BOARD OF TRADE,52000,47316,68440
2019-06-04,SOYBEAN OIL,SOYBEAN OIL - CHICAGO BOARD OF TRADE,67559,124449,60249
2019-06-04,SOYBEANS,SOYBEANS - CHICAGO BOARD OF TRADE,67402,158222,106117
2019-06-04,WHEAT,WHEAT-SRW - CHICAGO BOARD OF TRADE,81054,93134,108976
2019-06-11,CORN,CORN - CHICAGO BOARD OF TRADE,251997,130255,223306
2019-06-11,SOYBEAN MEAL,SOYBEAN MEAL - CHICAGO BOARD OF TRADE,50752,43621,65797
2019-06-11,SOYBEAN OIL,SOYBEAN OIL - CHICAGO BOARD OF TRADE,65069,119889,52015
2019-06-11,SOYBEANS,SOYBEANS - CHICAGO BOARD OF TRADE,67825,156714,102270
2019-06-11,WHEAT,WHEAT-SRW - CHICAGO BOARD OF TRADE,87280,82006,89794
2019-06-18,CORN,CORN - CHICAGO BOARD OF TRADE,270804,115774,212053
2019-06-18,SOYBEAN MEAL,SOYBEAN MEAL - CHICAGO BOARD OF TRADE,44255,41765,68189
2019-06-18,SOYBEAN OIL,SOYBEAN OIL - CHICAGO BOARD OF TRADE,60000,104091,51925
2019-06-18,SOYBEANS,SOYBEANS - CHICAGO BOARD OF TRADE,74092,128367,100237
2019-06-18,WHEAT,WHEAT-SRW - CHICAGO BOARD OF TRADE,95128,69574,83814
2019-06-25,CORN,CORN - CHICAGO BOARD OF TRADE,278396,99813,213614
2019-06-25,SOYBEAN MEAL,SOYBEAN MEAL - CHICAGO BOARD OF TRADE,40493,40694,62310
2019-06-25,SOYBEAN OIL,SOYBEAN OIL - CHICAGO BOARD OF TRADE,61432,98365,40060
2019-06-25,SOYBEANS,SOYBEANS - CHICAGO BOARD OF TRADE,65754,102618,79421
2019-06-25,WHEAT,WHEAT-SRW - CHICAGO BOARD OF TRADE,92717,62685,71485
2019-07-02,CORN,CORN - CHICAGO BOARD OF TRADE,277037,107612,235940
2019-07-02,SOYBEAN MEAL,SOYBEAN MEAL - CHICAGO BOARD OF TRADE,38419,52342,58010
2019-07-02,SOYBEAN OIL,SOYBEAN OIL - CHICAGO BOARD OF TRADE,62773,99606,36879
2019-07-02,SOYBEANS,SOYBEANS - CHICAGO BOARD OF TRADE,63061,103648,76176
2019-07-02,WHEAT,WHEAT-SRW - CHICAGO BOARD OF TRADE,94344,59871,60955
2019-07-09,CORN,CORN - CHICAGO BOARD OF TRADE,279679,105361,242881
2019-07-09,SOYBEAN MEAL,SOYBEAN MEAL - CHICAGO BOARD OF TRADE,39612,59029,57247
2019-07-09,SOYBEAN OIL,SOYBEAN OIL - CHICAGO BOARD OF TRADE,62975,94158,39048
2019-07-09,SOYBEANS,SOYBEANS - CHICAGO BOARD OF TRADE,67359,113109,81606
2019-07-09,WHEAT,WHEAT-SRW - CHICAGO BOARD OF TRADE,90130,62547,62174
2019-07-16,CORN,CORN - CHICAGO BOARD OF TRADE,275757,97025,247312
2019-07-16,SOYBEAN MEAL,SOYBEAN MEAL - CHICAGO BOARD OF TRADE,40152,60347,57581
2019-07-16,SOYBEAN OIL,SOYBEAN OIL - CHICAGO BOARD OF TRADE,64335,96062,39417
2019-07-16,SOYBEANS,SOYBEANS - CHICAGO BOARD OF TRADE,68002,110483,79132
2019-07-16,WHEAT,WHEAT-SRW - CHICAGO BOARD OF TRADE,80977,65890,67927
2019-07-23,CORN,CORN - CHICAGO BOARD OF TRADE,260840,117300,248469
2019-07-23,SOYBEAN MEAL,SOYBEAN MEAL - CHICAGO BOARD OF TRADE,39120,64041,59535
2019-07-23,SOYBEAN OIL,SOYBEAN OIL - CHICAGO BOARD OF TRADE,62548,102087,41992
2019-07-23,SOYBEANS,SOYBEANS - CHICAGO BOARD OF TRADE,70547,113203,70824
2019-07-23,WHEAT,WHEAT-SRW - CHICAGO BOARD OF TRADE,74318,67715,71711
2019-07-30,CORN,CORN - CHICAGO BOARD OF TRADE,240328,134421,249732
2019-07-30,SOYBEAN MEAL,SOYBEAN MEAL - CHICAGO BOARD OF TRADE,39510,70587,59229
2019-07-30,SOYBEAN OIL,SOYBEAN OIL - CHICAGO BOARD OF TRADE,64128,89566,38883
2019-07-30,SOYBEANS,SOYBEANS - CHICAGO BOARD OF TRADE,71714,126874,69311
2019-07-30,WHEAT,WHEAT-SRW - CHICAGO BOARD OF TRADE,80081,65232,66440
2019-08-06,CORN,CORN - CHICAGO BOARD OF TRADE,222989,154903,251679
2019-08-06,SOYBEAN MEAL,SOYBEAN MEAL - CHICAGO BOARD OF TRADE,43418,80764,60598
2019-08-06,SOYBEAN OIL,SOYBEAN OIL - CHICAGO BOARD OF TRADE,63878,101618,42970
2019-08-06,SOYBEANS,SOYBEANS - CHICAGO BOARD OF TRADE,71331,147649,72490
2019-08-06,WHEAT,WHEAT-SRW - CHICAGO BOARD OF TRADE,77040,69919,74584
2019-08-13,CORN,CORN - CHICAGO BOARD OF TRADE,207309,185782,205223
2019-08-13,SOYBEAN MEAL,SOYBEAN MEAL - CHICAGO BOARD OF TRADE,45180,79844,55357
2019-08-13,SOYBEAN OIL,SOYBEAN OIL - CHICAGO BOARD OF TRADE,72322,62342,41694
2019-08-13,SOYBEANS,SOYBEANS - CHICAGO BOARD OF TRADE,72877,140080,68136
2019-08-13,WHEAT,WHEAT-SRW - CHICAGO BOARD OF TRADE,75298,71298,72214
2019-08-20,CORN,CORN - CHICAGO BOARD OF TRADE,178428,260694,193571
2019-08-20,SOYBEAN MEAL,SOYBEAN MEAL - CHICAGO BOARD OF TRADE,43905,78541,55631
2019-08-20,SOYBEAN OIL,SOYBEAN OIL - CHICAGO BOARD OF TRADE,70367,67449,50875
2019-08-20,SOYBEANS,SOYBEANS - CHICAGO BOARD OF TRADE,73564,150384,69523
2019-08-20,WHEAT,WHEAT-SRW - CHICAGO BOARD OF TRADE,71652,75900,71813
2019-08-27,CORN,CORN - CHICAGO BOARD OF TRADE,169261,265631,174235
2019-08-27,SOYBEAN MEAL,SOYBEAN MEAL - CHICAGO BOARD OF TRADE,43687,77497,55933
2019-08-27,SOYBEAN OIL,SOYBEAN OIL - CHICAGO BOARD OF TRADE,64511,79068,48573
2019-08-27,SOYBEANS,SOYBEANS - CHICAGO BOARD OF TRADE,73400,148951,68167
2019-08-27,WHEAT,WHEAT-SRW - CHICAGO BOARD OF TRADE,77602,76799,69437
2019-09-03,CORN,CORN - CHICAGO BOARD OF TRADE,165073,288873,165822
2019-09-03,SOYBEAN MEAL,SOYBEAN MEAL - CHICAGO BOARD OF TRADE,42843,85336,60027
2019-09-03,SOYBEAN OIL,SOYBEAN OIL - CHICAGO BOARD OF TRADE,66423,79124,52248
2019-09-03,SOYBEANS,SOYBEANS - CHICAGO BOARD OF TRADE,75721,147279,71555
2019-09-03,WHEAT,WHEAT-SRW - CHICAGO BOARD OF TRADE,69985,89355,72553
2019-09-10,CORN,CORN - CHICAGO BOARD OF TRADE,172377,315844,176043
2019-09-10,SOYBEAN MEAL,SOYBEAN MEAL - CHICAGO BOARD OF TRADE,41280,87764,61147
2019-09-10,SOYBEAN OIL,SOYBEAN OIL - CHICAGO BOARD OF TRADE,64229,83635,52859
2019-09-10,SOYBEANS,SOYBEANS - CHICAGO BOARD OF TRADE,66899,156912,80429
2019-09-10,WHEAT,WHEAT-SRW - CHICAGO BOARD OF TRADE,79924,88829,79652
2019-09-17,CORN,CORN - CHICAGO BOARD OF TRADE,160496,337139,181314
2019-09-17,SOYBEAN MEAL,SOYBEAN MEAL - CHICAGO BOARD OF TRADE,37286,90397,56785
2019-09-17,SOYBEAN OIL,SOYBEAN OIL - CHICAGO BOARD OF TRADE,71220,51289,52772
2019-09-17,SOYBEANS,SOYBEANS - CHICAGO BOARD OF TRADE,77648,123260,89107
2019-09-17,WHEAT,WHEAT-SRW - CHICAGO BOARD OF TRADE,80041,87134,71456
2019-09-24,CORN,CORN - CHICAGO BOARD OF TRADE,157849,320400,188318
2019-09-24,SOYBEAN MEAL,SOYBEAN MEAL - CHICAGO BOARD OF TRADE,43322,89991,55109
2019-09-24,SOYBEAN OIL,SOYBEAN OIL - CHICAGO BOARD OF TRADE,74281,51991,51767
2019-09-24,SOYBEANS,SOYBEANS - CHICAGO BOARD OF TRADE,77243,120296,94745
2019-09-24,WHEAT,WHEAT-SRW - CHICAGO BOARD OF TRADE,73203,88621,78193
2019-10-01,CORN,CORN - CHICAGO BOARD OF TRADE,164794,292825,200741
2019-10-01,SOYBEAN MEAL,SOYBEAN MEAL - CHICAGO BOARD OF TRADE,46076,84338,56532
2019-10-01,SOYBEAN OIL,SOYBEAN OIL - CHICAGO BOARD OF TRADE,67778,56163,48820
2019-10-01,SOYBEANS,SOYBEANS - CHICAGO BOARD OF TRADE,88430,99247,94467
2019-10-01,WHEAT,WHEAT-SRW - CHICAGO BOARD OF TRADE,72057,88071,91608
2019-10-08,CORN,CORN - CHICAGO BOARD OF TRADE,169885,266744,208784
2019-10-08,SOYBEAN MEAL,SOYBEAN MEAL - CHICAGO BOARD OF TRADE,45598,77098,51777
2019-10-08,SOYBEAN OIL,SOYBEAN OIL - CHICAGO BOARD OF TRADE,71751,41557,54121
2019-10-08,SOYBEANS,SOYBEANS - CHICAGO BOARD OF TRADE,99108,94644,78497
2019-10-08,WHEAT,WHEAT-SRW - CHICAGO BOARD OF TRADE,75725,89171,101534
2019-10-15,CORN,CORN - CHICAGO BOARD OF TRADE,155973,220722,213432
2019-10-15,SOYBEAN MEAL,SOYBEAN MEAL - CHICAGO BOARD OF TRADE,46050,69912,56029
2019-10-15,SOYBEAN OIL,SOYBEAN OIL - CHICAGO BOARD OF TRADE,79517,35568,54200
2019-10-15,SOYBEANS,SOYBEANS - CHICAGO BOARD OF TRADE,120425,72472,84269
2019-10-15,WHEAT,WHEAT-SRW - CHICAGO BOARD OF TRADE,76361,80023,105166
2019-10-22,CORN,CORN - CHICAGO BOARD OF TRADE,153476,228662,211846
2019-10-22,SOYBEAN MEAL,SOYBEAN MEAL - CHICAGO BOARD OF TRADE,46810,66933,54588
2019-10-22,SOYBEAN OIL,SOYBEAN OIL - CHICAGO BOARD OF TRADE,95098,27090,55492
2019-10-22,SOYBEANS,SOYBEANS - CHICAGO BOARD OF TRADE,127694,60522,90090
2019-10-22,WHEAT,WHEAT-SRW - CHICAGO BOARD OF TRADE,85511,63882,103549
2019-10-29,CORN,CORN - CHICAGO BOARD OF TRADE,138111,226229,223893
2019-10-29,SOYBEAN MEAL,SOYBEAN MEAL - CHICAGO BOARD OF TRADE,42966,71481,55684
2019-10-29,SOYBEAN OIL,SOYBEAN OIL - CHICAGO BOARD OF TRADE,103414,27997,63242
2019-10-29,SOYBEANS,SOYBEANS - CHICAGO BOARD OF TRADE,121711,55862,82533
2019-10-29,WHEAT,WHEAT-SRW - CHICAGO BOARD OF TRADE,72383,64614,98914
2019-11-05,CORN,CORN - CHICAGO BOARD OF TRADE,136563,246283,219467
2019-11-05,SOYBEAN MEAL,SOYBEAN MEAL - CHICAGO BOARD OF TRADE,36310,73631,61662
2019-11-05,SOYBEAN OIL,SOYBEAN OIL - CHICAGO BOARD OF TRADE,116418,32126,65922
2019-11-05,SOYBEANS,SOYBEANS - CHICAGO BOARD OF TRADE,116541,63038,91688
2019-11-05,WHEAT,WHEAT-SRW - CHICAGO BOARD OF TRADE,71060,68727,99742
2019-11-12,CORN,CORN - CHICAGO BOARD OF TRADE,134274,254810,237893
2019-11-12,SOYBEAN MEAL,SOYBEAN MEAL - CHICAGO BOARD OF TRADE,43727,66505,55747
2019-11-12,SOYBEAN OIL,SOYBEAN OIL - CHICAGO BOARD OF TRADE,120370,32581,65703
2019-11-12,SOYBEANS,SOYBEANS - CHICAGO BOARD OF TRADE,101227,75767,104488
2019-11-12,WHEAT,WHEAT-SRW - CHICAGO BOARD OF TRADE,75754,72034,94411
2019-11-19,CORN,CORN - CHICAGO BOARD OF TRADE,132724,271539,227599
2019-11-19,SOYBEAN MEAL,SOYBEAN MEAL - CHICAGO BOARD OF TRADE,41807,60958,50726
2019-11-19,SOYBEAN OIL,SOYBEAN OIL - CHICAGO BOARD OF TRADE,109930,28049,63454
2019-11-19,SOYBEANS,SOYBEANS - CHICAGO BOARD OF TRADE,93397,81721,115902
2019-11-19,WHEAT,WHEAT-SRW - CHICAGO BOARD OF TRADE,76332,76510,78531
2019-11-26,CORN,CORN - CHICAGO BOARD OF TRADE,139042,255989,220150
2019-11-26,SOYBEAN MEAL,SOYBEAN MEAL - CHICAGO BOARD OF TRADE,43632,75711,47603
2019-11-26,SOYBEAN OIL,SOYBEAN OIL - CHICAGO BOARD OF TRADE,106335,39687,62758
2019-11-26,SOYBEANS,SOYBEANS - CHICAGO BOARD OF TRADE,73939,118595,129094
2019-11-26,WHEAT,WHEAT-SRW - CHICAGO BOARD OF TRADE,78142,69783,79325
2019-12-03,CORN,CORN - CHICAGO BOARD OF TRADE,152487,238069,233852
2019-12-03,SOYBEAN MEAL,SOYBEAN MEAL - CHICAGO BOARD OF TRADE,43722,87477,50727
2019-12-03,SOYBEAN OIL,SOYBEAN OIL - CHICAGO BOARD OF TRADE,101588,42971,63551
2019-12-03,SOYBEANS,SOYBEANS - CHICAGO BOARD OF TRADE,63681,165399,126174
2019-12-03,WHEAT,WHEAT-SRW - CHICAGO BOARD OF TRADE,87830,69822,81564
2019-12-10,CORN,CORN - CHICAGO BOARD OF TRADE,141108,259557,240770
2019-12-10,SOYBEAN MEAL,SOYBEAN MEAL - CHICAGO BOARD OF TRADE,45583,78092,45062
2019-12-10,SOYBEAN OIL,SOYBEAN OIL - CHICAGO BOARD OF TRADE,107658,32573,61377
2019-12-10,SOYBEANS,SOYBEANS - CHICAGO BOARD OF TRADE,61099,175349,113996
2019-12-10,WHEAT,WHEAT-SRW - CHICAGO BOARD OF TRADE,86941,77784,83837
2019-12-17,CORN,CORN - CHICAGO BOARD OF TRADE,150825,246796,235003
2019-12-17,SOYBEAN MEAL,SOYBEAN MEAL - CHICAGO BOARD OF TRADE,49020,79980,46238
2019-12-17,SOYBEAN OIL,SOYBEAN OIL - CHICAGO BOARD OF TRADE,124249,24272,57948
2019-12-17,SOYBEANS,SOYBEANS - CHICAGO BOARD OF TRADE,68124,148264,100492
2019-12-17,WHEAT,WHEAT-SRW - CHICAGO BOARD OF TRADE,99238,74595,90251
2019-12-24,CORN,CORN - CHICAGO BOARD OF TRADE,145638,232355,230704
2019-12-24,SOYBEAN MEAL,SOYBEAN MEAL - CHICAGO BOARD OF TRADE,49468,73800,45269
2019-12-24,SOYBEAN OIL,SOYBEAN OIL - CHICAGO BOARD OF TRADE,136703,20224,56763
2019-12-24,SOYBEANS,SOYBEANS - CHICAGO BOARD OF TRADE,71299,105187,103211
2019-12-24,WHEAT,WHEAT-SRW - CHICAGO BOARD OF TRADE,97334,80945,90518
2019-12-31,CORN,CORN - CHICAGO BOARD OF TRADE,154175,239290,231728
2019-12-31,SOYBEAN MEAL,SOYBEAN MEAL - CHICAGO BOARD OF TRADE,49934,74770,44528
2019-12-31,SOYBEAN OIL,SOYBEAN OIL - CHICAGO BOARD OF TRADE,132146,23123,56238
2019-12-31,SOYBEANS,SOYBEANS - CHICAGO BOARD OF TRADE,76687,84211,98883
2019-12-31,WHEAT,WHEAT-SRW - CHICAGO BOARD OF TRADE,100973,78914,91818
2020-01-07,CORN,CORN - CHICAGO BOARD OF TRADE,151938,237445,239197
2020-01-07,SOYBEAN MEAL,SOYBEAN MEAL - CHICAGO BOARD OF TRADE,52616,79883,47214
2020-01-07,SOYBEAN OIL,SOYBEAN OIL - CHICAGO BOARD OF TRADE,133234,25296,61143
2020-01-07,SOYBEANS,SOYBEANS - CHICAGO BOARD OF TRADE,77451,80302,108330
2020-01-07,WHEAT,WHEAT-SRW - CHICAGO BOARD OF TRADE,107911,85650,98056
2020-01-14,CORN,CORN - CHICAGO BOARD OF TRADE,173887,253027,254285
2020-01-14,SOYBEAN MEAL,SOYBEAN MEAL - CHICAGO BOARD OF TRADE,52336,82734,53111
2020-01-14,SOYBEAN OIL,SOYBEAN OIL - CHICAGO BOARD OF TRADE,133993,23677,68513
2020-01-14,SOYBEANS,SOYBEANS - CHICAGO BOARD OF TRADE,79869,76684,117964
2020-01-14,WHEAT,WHEAT-SRW - CHICAGO BOARD OF TRADE,116693,89836,114303
2020-01-21,CORN,CORN - CHICAGO BOARD OF TRADE,179310,245200,242883
2020-01-21,SOYBEAN MEAL,SOYBEAN MEAL - CHICAGO BOARD OF TRADE,51058,87082,59212
2020-01-21,SOYBEAN OIL,SOYBEAN OIL - CHICAGO BOARD OF TRADE,124533,24661,73303
2020-01-21,SOYBEANS,SOYBEANS - CHICAGO BOARD OF TRADE,69222,88563,117393
2020-01-21,WHEAT,WHEAT-SRW - CHICAGO BOARD OF TRADE,130054,90768,124054
2020-01-28,CORN,CORN - CHICAGO BOARD OF TRADE,186117,211507,243319
2020-01-28,SOYBEAN MEAL,SOYBEAN MEAL - CHICAGO BOARD OF TRADE,49530,87775,63820
2020-01-28,SOYBEAN OIL,SOYBEAN OIL - CHICAGO BOARD OF TRADE,117638,21323,75332
2020-01-28,SOYBEANS,SOYBEANS - CHICAGO BOARD OF TRADE,68439,123885,119154
2020-01-28,WHEAT,WHEAT-SRW - CHICAGO BOARD OF TRADE,135140,93323,127776
2020-02-04,CORN,CORN - CHICAGO BOARD OF TRADE,174808,226853,252869
2020-02-04,SOYBEAN MEAL,SOYBEAN MEAL - CHICAGO BOARD OF TRADE,40615,103828,68169
2020-02-04,SOYBEAN OIL,SOYBEAN OIL - CHICAGO BOARD OF TRADE,89151,21361,81261
2020-02-04,SOYBEANS,SOYBEANS - CHICAGO BOARD OF TRADE,74341,161337,118928
2020-02-04,WHEAT,WHEAT-SRW - CHICAGO BOARD OF TRADE,134161,88554,140676
2020-02-11,CORN,CORN - CHICAGO BOARD OF TRADE,171566,240667,254357
2020-02-11,SOYBEAN MEAL,SOYBEAN MEAL - CHICAGO BOARD OF TRADE,42321,109461,69234
2020-02-11,SOYBEAN OIL,SOYBEAN OIL - CHICAGO BOARD OF TRADE,80392,27968,70829
2020-02-11,SOYBEANS,SOYBEANS - CHICAGO BOARD OF TRADE,76546,173958,120869
2020-02-11,WHEAT,WHEAT-SRW - CHICAGO BOARD OF TRADE,132438,92956,131827
2020-02-18,CORN,CORN - CHICAGO BOARD OF TRADE,192969,249824,256136
2020-02-18,SOYBEAN MEAL,SOYBEAN MEAL - CHICAGO BOARD OF TRADE,43698,115205,65086
2020-02-18,SOYBEAN OIL,SOYBEAN OIL - CHICAGO BOARD OF TRADE,75568,35912,71385
2020-02-18,SOYBEANS,SOYBEANS - CHICAGO BOARD OF TRADE,74892,170867,116664
2020-02-18,WHEAT,WHEAT-SRW - CHICAGO BOARD OF TRADE,142705,83443,131139
2020-02-25,CORN,CORN - CHICAGO BOARD OF TRADE,206263,294420,244104
2020-02-25,SOYBEAN MEAL,SOYBEAN MEAL - CHICAGO BOARD OF TRADE,43173,119046,62467
2020-02-25,SOYBEAN OIL,SOYBEAN OIL - CHICAGO BOARD OF TRADE,65688,42123,72246
2020-02-25,SOYBEANS,SOYBEANS - CHICAGO BOARD OF TRADE,84976,160712,104206
2020-02-25,WHEAT,WHEAT-SRW - CHICAGO BOARD OF TRADE,127159,83840,116707
2020-03-03,CORN,CORN - CHICAGO BOARD OF TRADE,204939,282118,245642
2020-03-03,SOYBEAN MEAL,SOYBEAN MEAL - CHICAGO BOARD OF TRADE,50760,67305,49264
2020-03-03,SOYBEAN OIL,SOYBEAN OIL - CHICAGO BOARD OF TRADE,57469,41579,66141
2020-03-03,SOYBEANS,SOYBEANS - CHICAGO BOARD OF TRADE,86040,121028,105695
2020-03-03,WHEAT,WHEAT-SRW - CHICAGO BOARD OF TRADE,92685,75589,109546
2020-03-10,CORN,CORN - CHICAGO BOARD OF TRADE,198468,250816,245228
2020-03-10,SOYBEAN MEAL,SOYBEAN MEAL - CHICAGO BOARD OF TRADE,50925,52123,52440
2020-03-10,SOYBEAN OIL,SOYBEAN OIL - CHICAGO BOARD OF TRADE,56554,44722,56350
2020-03-10,SOYBEANS,SOYBEANS - CHICAGO BOARD OF TRADE,80983,108518,119223
2020-03-10,WHEAT,WHEAT-SRW - CHICAGO BOARD OF TRADE,93781,75585,112762
2020-03-17,CORN,CORN - CHICAGO BOARD OF TRADE,156274,250113,218675
2020-03-17,SOYBEAN MEAL,SOYBEAN MEAL - CHICAGO BOARD OF TRADE,53889,37076,41121
2020-03-17,SOYBEAN OIL,SOYBEAN OIL - CHICAGO BOARD OF TRADE,44115,41997,54724
2020-03-17,SOYBEANS,SOYBEANS - CHICAGO BOARD OF TRADE,68222,101338,106686
2020-03-17,WHEAT,WHEAT-SRW - CHICAGO BOARD OF TRADE,63259,67057,102930
2020-03-24,CORN,CORN - CHICAGO BOARD OF TRADE,137880,250105,177412
2020-03-24,SOYBEAN MEAL,SOYBEAN MEAL - CHICAGO BOARD OF TRADE,57298,17127,28588
2020-03-24,SOYBEAN OIL,SOYBEAN OIL - CHICAGO BOARD OF TRADE,41283,41736,48099
2020-03-24,SOYBEANS,SOYBEANS - CHICAGO BOARD OF TRADE,64547,69262,102231
2020-03-24,WHEAT,WHEAT-SRW - CHICAGO BOARD OF TRADE,62852,42709,88589
2020-03-31,CORN,CORN - CHICAGO BOARD OF TRADE,122863,222788,178787
2020-03-31,SOYBEAN MEAL,SOYBEAN MEAL - CHICAGO BOARD OF TRADE,61257,11690,26495
2020-03-31,SOYBEAN OIL,SOYBEAN OIL - CHICAGO BOARD OF TRADE,38916,43931,45345
2020-03-31,SOYBEANS,SOYBEANS - CHICAGO BOARD OF TRADE,72965,50059,107929
2020-03-31,WHEAT,WHEAT-SRW - CHICAGO BOARD OF TRADE,76823,40067,76572
2020-04-07,CORN,CORN - CHICAGO BOARD OF TRADE,123396,233616,167499
2020-04-07,SOYBEAN MEAL,SOYBEAN MEAL - CHICAGO BOARD OF TRADE,48996,17519,27729
2020-04-07,SOYBEAN OIL,SOYBEAN OIL - CHICAGO BOARD OF TRADE,41789,38810,50418
2020-04-07,SOYBEANS,SOYBEANS - CHICAGO BOARD OF TRADE,72766,55759,114126
2020-04-07,WHEAT,WHEAT-SRW - CHICAGO BOARD OF TRADE,75369,48099,72554
2020-04-14,CORN,CORN - CHICAGO BOARD OF TRADE,121382,258676,188898
2020-04-14,SOYBEAN MEAL,SOYBEAN MEAL - CHICAGO BOARD OF TRADE,42900,37175,26335
2020-04-14,SOYBEAN OIL,SOYBEAN OIL - CHICAGO BOARD OF TRADE,38825,40524,52126
2020-04-14,SOYBEANS,SOYBEANS - CHICAGO BOARD OF TRADE,74504,63057,112540
2020-04-14,WHEAT,WHEAT-SRW - CHICAGO BOARD OF TRADE,77118,51332,73828
2020-04-21,CORN,CORN - CHICAGO BOARD OF TRADE,126210,286235,185266
2020-04-21,SOYBEAN MEAL,SOYBEAN MEAL - CHICAGO BOARD OF TRADE,40874,40855,25868
2020-04-21,SOYBEAN OIL,SOYBEAN OIL - CHICAGO BOARD OF TRADE,37846,48756,50604
2020-04-21,SOYBEANS,SOYBEANS - CHICAGO BOARD OF TRADE,75162,80030,117853
2020-04-21,WHEAT,WHEAT-SRW - CHICAGO BOARD OF TRADE,80371,56185,60741
2020-04-28,CORN,CORN - CHICAGO BOARD OF TRADE,126903,287548,175661
2020-04-28,SOYBEAN MEAL,SOYBEAN MEAL - CHICAGO BOARD OF TRADE,39849,47015,27326
2020-04-28,SOYBEAN OIL,SOYBEAN OIL - CHICAGO BOARD OF TRADE,40181,51183,49122
2020-04-28,SOYBEANS,SOYBEANS - CHICAGO BOARD OF TRADE,76635,70257,123677
2020-04-28,WHEAT,WHEAT-SRW - CHICAGO BOARD OF TRADE,79340,62238,47491
2020-05-05,CORN,CORN - CHICAGO BOARD OF TRADE,117976,307717,171185
2020-05-05,SOYBEAN MEAL,SOYBEAN MEAL - CHICAGO BOARD OF TRADE,38928,49894,27212
2020-05-05,SOYBEAN OIL,SOYBEAN OIL - CHICAGO BOARD OF TRADE,41623,47412,52641
2020-05-05,SOYBEANS,SOYBEANS - CHICAGO BOARD OF TRADE,80601,71115,118507
2020-05-05,WHEAT,WHEAT-SRW - CHICAGO BOARD OF TRADE,73469,67174,52503
2020-05-12,CORN,CORN - CHICAGO BOARD OF TRADE,114292,328971,181852
2020-05-12,SOYBEAN MEAL,SOYBEAN MEAL - CHICAGO BOARD OF TRADE,40141,50748,31149
2020-05-12,SOYBEAN OIL,SOYBEAN OIL - CHICAGO BOARD OF TRADE,43977,50757,56074
2020-05-12,SOYBEANS,SOYBEANS - CHICAGO BOARD OF TRADE,94166,63129,125482
2020-05-12,WHEAT,WHEAT-SRW - CHICAGO BOARD OF TRADE,71562,65347,55243
2020-05-19,CORN,CORN - CHICAGO BOARD OF TRADE,116792,362851,174501
2020-05-19,SOYBEAN MEAL,SOYBEAN MEAL - CHICAGO BOARD OF TRADE,39464,67955,30790
2020-05-19,SOYBEAN OIL,SOYBEAN OIL - CHICAGO BOARD OF TRADE,51315,47525,57261
2020-05-19,SOYBEANS,SOYBEANS - CHICAGO BOARD OF TRADE,89101,77116,125488
2020-05-19,WHEAT,WHEAT-SRW - CHICAGO BOARD OF TRADE,68697,80087,60607
2020-05-26,CORN,CORN - CHICAGO BOARD OF TRADE,115520,392558,171028
2020-05-26,SOYBEAN MEAL,SOYBEAN MEAL - CHICAGO BOARD OF TRADE,36525,77544,30623
2020-05-26,SOYBEAN OIL,SOYBEAN OIL - CHICAGO BOARD OF TRADE,51013,46556,59970
2020-05-26,SOYBEANS,SOYBEANS - CHICAGO BOARD OF TRADE,88348,81334,127018
2020-05-26,WHEAT,WHEAT-SRW - CHICAGO BOARD OF TRADE,71658,80133,67052
2020-06-02,CORN,CORN - CHICAGO BOARD OF TRADE,121597,407804,175790
2020-06-02,SOYBEAN MEAL,SOYBEAN MEAL - CHICAGO BOARD OF TRADE,35440,85401,32759
2020-06-02,SOYBEAN OIL,SOYBEAN OIL - CHICAGO BOARD OF TRADE,54791,43223,57914
2020-06-02,SOYBEANS,SOYBEANS - CHICAGO BOARD OF TRADE,88069,80935,129798
2020-06-02,WHEAT,WHEAT-SRW - CHICAGO BOARD OF TRADE,72419,82231,71510
2020-06-09,CORN,CORN - CHICAGO BOARD OF TRADE,124134,426007,179670
2020-06-09,SOYBEAN MEAL,SOYBEAN MEAL - CHICAGO BOARD OF TRADE,34881,87483,29425
2020-06-09,SOYBEAN OIL,SOYBEAN OIL - CHICAGO BOARD OF TRADE,50676,50475,49940
2020-06-09,SOYBEANS,SOYBEANS - CHICAGO BOARD OF TRADE,90891,71759,124619
2020-06-09,WHEAT,WHEAT-SRW - CHICAGO BOARD OF TRADE,66494,88622,63861
2020-06-16,CORN,CORN - CHICAGO BOARD OF TRADE,135732,413335,197189
2020-06-16,SOYBEAN MEAL,SOYBEAN MEAL - CHICAGO BOARD OF TRADE,35412,83256,32597
2020-06-16,SOYBEAN OIL,SOYBEAN OIL - CHICAGO BOARD OF TRADE,47833,52040,49585
2020-06-16,SOYBEANS,SOYBEANS - CHICAGO BOARD OF TRADE,88850,68971,131144
2020-06-16,WHEAT,WHEAT-SRW - CHICAGO BOARD OF TRADE,62987,89650,75419
2020-06-23,CORN,CORN - CHICAGO BOARD OF TRADE,140752,426694,205586
2020-06-23,SOYBEAN MEAL,SOYBEAN MEAL - CHICAGO BOARD OF TRADE,35740,80944,35037
2020-06-23,SOYBEAN OIL,SOYBEAN OIL - CHICAGO BOARD OF TRADE,49768,50293,48297
2020-06-23,SOYBEANS,SOYBEANS - CHICAGO BOARD OF TRADE,97017,53989,128315
2020-06-23,WHEAT,WHEAT-SRW - CHICAGO BOARD OF TRADE,58874,104050,78770
2020-06-30,CORN,CORN - CHICAGO BOARD OF TRADE,163898,375566,215013
2020-06-30,SOYBEAN MEAL,SOYBEAN MEAL - CHICAGO BOARD OF TRADE,38077,89978,35818
2020-06-30,SOYBEAN OIL,SOYBEAN OIL - CHICAGO BOARD OF TRADE,54813,54030,44486
2020-06-30,SOYBEANS,SOYBEANS - CHICAGO BOARD OF TRADE,112444,49078,124475
2020-06-30,WHEAT,WHEAT-SRW - CHICAGO BOARD OF TRADE,61360,98971,77359
2020-07-07,CORN,CORN - CHICAGO BOARD OF TRADE,156509,306847,181106
2020-07-07,SOYBEAN MEAL,SOYBEAN MEAL - CHICAGO BOARD OF TRADE,44460,66228,31303
2020-07-07,SOYBEAN OIL,SOYBEAN OIL - CHICAGO BOARD OF TRADE,62528,43420,46981
2020-07-07,SOYBEANS,SOYBEANS - CHICAGO BOARD OF TRADE,125810,35192,129543
2020-07-07,WHEAT,WHEAT-SRW - CHICAGO BOARD OF TRADE,63980,96350,81945
2020-07-14,CORN,CORN - CHICAGO BOARD OF TRADE,155760,304546,191471
2020-07-14,SOYBEAN MEAL,SOYBEAN MEAL - CHICAGO BOARD OF TRADE,38160,67865,29705
2020-07-14,SOYBEAN OIL,SOYBEAN OIL - CHICAGO BOARD OF TRADE,57462,47069,46588
2020-07-14,SOYBEANS,SOYBEANS - CHICAGO BOARD OF TRADE,103498,39820,122811
2020-07-14,WHEAT,WHEAT-SRW - CHICAGO BOARD OF TRADE,73104,79621,82182
2020-07-21,CORN,CORN - CHICAGO BOARD OF TRADE,156811,312487,201709
2020-07-21,SOYBEAN MEAL,SOYBEAN MEAL - CHICAGO BOARD OF TRADE,41462,69794,32429
2020-07-21,SOYBEAN OIL,SOYBEAN OIL - CHICAGO BOARD OF TRADE,70685,32665,48676
2020-07-21,SOYBEANS,SOYBEANS - CHICAGO BOARD OF TRADE,115676,42567,121925
2020-07-21,WHEAT,WHEAT-SRW - CHICAGO BOARD OF TRADE,80686,78058,71186
2020-07-28,CORN,CORN - CHICAGO BOARD OF TRADE,165112,323394,208426
2020-07-28,SOYBEAN MEAL,SOYBEAN MEAL - CHICAGO BOARD OF TRADE,42580,61399,37990
2020-07-28,SOYBEAN OIL,SOYBEAN OIL - CHICAGO BOARD OF TRADE,69285,31452,49836
2020-07-28,SOYBEANS,SOYBEANS - CHICAGO BOARD OF TRADE,112609,53417,123200
2020-07-28,WHEAT,WHEAT-SRW - CHICAGO BOARD OF TRADE,81506,80681,66130
2020-08-04,CORN,CORN - CHICAGO BOARD OF TRADE,177225,371322,199949
2020-08-04,SOYBEAN MEAL,SOYBEAN MEAL - CHICAGO BOARD OF TRADE,43959,63817,39313
2020-08-04,SOYBEAN OIL,SOYBEAN OIL - CHICAGO BOARD OF TRADE,81509,32418,43356
2020-08-04,SOYBEANS,SOYBEANS - CHICAGO BOARD OF TRADE,98475,54824,118954
2020-08-04,WHEAT,WHEAT-SRW - CHICAGO BOARD OF TRADE,84286,85262,62727
2020-08-11,CORN,CORN - CHICAGO BOARD OF TRADE,174857,367644,186097
2020-08-11,SOYBEAN MEAL,SOYBEAN MEAL - CHICAGO BOARD OF TRADE,43266,71307,41532
2020-08-11,SOYBEAN OIL,SOYBEAN OIL - CHICAGO BOARD OF TRADE,81264,28300,47079
2020-08-11,SOYBEANS,SOYBEANS - CHICAGO BOARD OF TRADE,88553,60281,118238
2020-08-11,WHEAT,WHEAT-SRW - CHICAGO BOARD OF TRADE,74125,92826,63875
2020-08-18,CORN,CORN - CHICAGO BOARD OF TRADE,184420,312531,183591
2020-08-18,SOYBEAN MEAL,SOYBEAN MEAL - CHICAGO BOARD OF TRADE,53742,42711,41825
2020-08-18,SOYBEAN OIL,SOYBEAN OIL - CHICAGO BOARD OF TRADE,82526,24017,48557
2020-08-18,SOYBEANS,SOYBEANS - CHICAGO BOARD OF TRADE,134121,27727,108898
2020-08-18,WHEAT,WHEAT-SRW - CHICAGO BOARD OF TRADE,73835,88984,63029
2020-08-25,CORN,CORN - CHICAGO BOARD OF TRADE,183481,254647,163900
2020-08-25,SOYBEAN MEAL,SOYBEAN MEAL - CHICAGO BOARD OF TRADE,49195,46309,40543
2020-08-25,SOYBEAN OIL,SOYBEAN OIL - CHICAGO BOARD OF TRADE,88473,20665,51334
2020-08-25,SOYBEANS,SOYBEANS - CHICAGO BOARD OF TRADE,135560,31284,112507
2020-08-25,WHEAT,WHEAT-SRW - CHICAGO BOARD OF TRADE,76046,74715,51329
2020-09-01,CORN,CORN - CHICAGO BOARD OF TRADE,192676,184315,180116
2020-09-01,SOYBEAN MEAL,SOYBEAN MEAL - CHICAGO BOARD OF TRADE,53005,38491,48098
2020-09-01,SOYBEAN OIL,SOYBEAN OIL - CHICAGO BOARD OF TRADE,95061,12984,53341
2020-09-01,SOYBEANS,SOYBEANS - CHICAGO BOARD OF TRADE,180079,22930,106676
2020-09-01,WHEAT,WHEAT-SRW - CHICAGO BOARD OF TRADE,93998,61847,50279
2020-09-08,CORN,CORN - CHICAGO BOARD OF TRADE,186828,162938,177972
2020-09-08,SOYBEAN MEAL,SOYBEAN MEAL - CHICAGO BOARD OF TRADE,58125,27788,48971
2020-09-08,SOYBEAN OIL,SOYBEAN OIL - CHICAGO BOARD OF TRADE,95947,10405,54227
2020-09-08,SOYBEANS,SOYBEANS - CHICAGO BOARD OF TRADE,191087,19819,99703
2020-09-08,WHEAT,WHEAT-SRW - CHICAGO BOARD OF TRADE,87849,65780,52994
2020-09-15,CORN,CORN - CHICAGO BOARD OF TRADE,198747,152552,186798
2020-09-15,SOYBEAN MEAL,SOYBEAN MEAL - CHICAGO BOARD OF TRADE,64386,22237,53810
2020-09-15,SOYBEAN OIL,SOYBEAN OIL - CHICAGO BOARD OF TRADE,108352,13245,53470
2020-09-15,SOYBEANS,SOYBEANS - CHICAGO BOARD OF TRADE,208096,18123,111071
2020-09-15,WHEAT,WHEAT-SRW - CHICAGO BOARD OF TRADE,82786,68836,54716
2020-09-22,CORN,CORN - CHICAGO BOARD OF TRADE,215832,134017,187844
2020-09-22,SOYBEAN MEAL,SOYBEAN MEAL - CHICAGO BOARD OF TRADE,78501,15162,54696
2020-09-22,SOYBEAN OIL,SOYBEAN OIL - CHICAGO BOARD OF TRADE,114060,11932,58017
2020-09-22,SOYBEANS,SOYBEANS - CHICAGO BOARD OF TRADE,223846,12256,116278
2020-09-22,WHEAT,WHEAT-SRW - CHICAGO BOARD OF TRADE,85682,72448,66714
2020-09-29,CORN,CORN - CHICAGO BOARD OF TRADE,213237,128489,187020
2020-09-29,SOYBEAN MEAL,SOYBEAN MEAL - CHICAGO BOARD OF TRADE,84039,12821,48225
2020-09-29,SOYBEAN OIL,SOYBEAN OIL - CHICAGO BOARD OF TRADE,106383,12436,61457
2020-09-29,SOYBEANS,SOYBEANS - CHICAGO BOARD OF TRADE,234327,9425,104860
2020-09-29,WHEAT,WHEAT-SRW - CHICAGO BOARD OF TRADE,80406,70187,65894
2020-10-06,CORN,CORN - CHICAGO BOARD OF TRADE,225311,108027,188747
2020-10-06,SOYBEAN MEAL,SOYBEAN MEAL - CHICAGO BOARD OF TRADE,88262,12529,47322
2020-10-06,SOYBEAN OIL,SOYBEAN OIL - CHICAGO BOARD OF TRADE,96032,14995,63701
2020-10-06,SOYBEANS,SOYBEANS - CHICAGO BOARD OF TRADE,236869,6123,111805
2020-10-06,WHEAT,WHEAT-SRW - CHICAGO BOARD OF TRADE,93809,65712,72524
2020-10-13,CORN,CORN - CHICAGO BOARD OF TRADE,246910,89982,165482
2020-10-13,SOYBEAN MEAL,SOYBEAN MEAL - CHICAGO BOARD OF TRADE,89034,13073,36527
2020-10-13,SOYBEAN OIL,SOYBEAN OIL - CHICAGO BOARD OF TRADE,93230,10864,64845
2020-10-13,SOYBEANS,SOYBEANS - CHICAGO BOARD OF TRADE,230197,10818,108353
2020-10-13,WHEAT,WHEAT-SRW - CHICAGO BOARD OF TRADE,98682,58461,76928
2020-10-20,CORN,CORN - CHICAGO BOARD OF TRADE,287514,75939,162096
2020-10-20,SOYBEAN MEAL,SOYBEAN MEAL - CHICAGO BOARD OF TRADE,94953,14257,28581
2020-10-20,SOYBEAN OIL,SOYBEAN OIL - CHICAGO BOARD OF TRADE,93907,11920,60153
2020-10-20,SOYBEANS,SOYBEANS - CHICAGO BOARD OF TRADE,231965,4318,98449
2020-10-20,WHEAT,WHEAT-SRW - CHICAGO BOARD OF TRADE,111529,59681,78257
2020-10-27,CORN,CORN - CHICAGO BOARD OF TRADE,317756,59018,180837
2020-10-27,SOYBEAN MEAL,SOYBEAN MEAL - CHICAGO BOARD OF TRADE,96815,13821,29899
2020-10-27,SOYBEAN OIL,SOYBEAN OIL - CHICAGO BOARD OF TRADE,103096,9166,59268
2020-10-27,SOYBEANS,SOYBEANS - CHICAGO BOARD OF TRADE,229110,5197,99325
2020-10-27,WHEAT,WHEAT-SRW - CHICAGO BOARD OF TRADE,114307,67917,83184
2020-11-03,CORN,CORN - CHICAGO BOARD OF TRADE,320549,50153,179249
2020-11-03,SOYBEAN MEAL,SOYBEAN MEAL - CHICAGO BOARD OF TRADE,94946,11130,30655
2020-11-03,SOYBEAN OIL,SOYBEAN OIL - CHICAGO BOARD OF TRADE,97613,9153,58065
2020-11-03,SOYBEANS,SOYBEANS - CHICAGO BOARD OF TRADE,211552,7276,80279
2020-11-03,WHEAT,WHEAT-SRW - CHICAGO BOARD OF TRADE,109912,62705,80763
2020-11-10,CORN,CORN - CHICAGO BOARD OF TRADE,332181,63356,157275
2020-11-10,SOYBEAN MEAL,SOYBEAN MEAL - CHICAGO BOARD OF TRADE,94552,11981,29986
2020-11-10,SOYBEAN OIL,SOYBEAN OIL - CHICAGO BOARD OF TRADE,104489,8496,59454
2020-11-10,SOYBEANS,SOYBEANS - CHICAGO BOARD OF TRADE,214416,2436,71827
2020-11-10,WHEAT,WHEAT-SRW - CHICAGO BOARD OF TRADE,102180,70667,75246
2020-11-17,CORN,CORN - CHICAGO BOARD OF TRADE,330834,62724,155491
2020-11-17,SOYBEAN MEAL,SOYBEAN MEAL - CHICAGO BOARD OF TRADE,86053,8864,34573
2020-11-17,SOYBEAN OIL,SOYBEAN OIL - CHICAGO BOARD OF TRADE,111372,8336,59939
2020-11-17,SOYBEANS,SOYBEANS - CHICAGO BOARD OF TRADE,207784,7661,69740
2020-11-17,WHEAT,WHEAT-SRW - CHICAGO BOARD OF TRADE,87750,74271,77458
2020-11-24,CORN,CORN - CHICAGO BOARD OF TRADE,333185,66625,160916
2020-11-24,SOYBEAN MEAL,SOYBEAN MEAL - CHICAGO BOARD OF TRADE,84669,14049,30587
2020-11-24,SOYBEAN OIL,SOYBEAN OIL - CHICAGO BOARD OF TRADE,110626,7595,56870
2020-11-24,SOYBEANS,SOYBEANS - CHICAGO BOARD OF TRADE,204997,9986,75295
2020-11-24,WHEAT,WHEAT-SRW - CHICAGO BOARD OF TRADE,87978,75180,75854
2020-12-01,CORN,CORN - CHICAGO BOARD OF TRADE,323611,72512,160918
2020-12-01,SOYBEAN MEAL,SOYBEAN MEAL - CHICAGO BOARD OF TRADE,84397,14366,32209
2020-12-01,SOYBEAN OIL,SOYBEAN OIL - CHICAGO BOARD OF TRADE,109148,6676,59083
2020-12-01,SOYBEANS,SOYBEANS - CHICAGO BOARD OF TRADE,202216,12999,74762
2020-12-01,WHEAT,WHEAT-SRW - CHICAGO BOARD OF TRADE,77783,87516,73732
2020-12-08,CORN,CORN - CHICAGO BOARD OF TRADE,327765,80170,151405
2020-12-08,SOYBEAN MEAL,SOYBEAN MEAL - CHICAGO BOARD OF TRADE,82470,20014,31667
2020-12-08,SOYBEAN OIL,SOYBEAN OIL - CHICAGO BOARD OF TRADE,100266,13563,59518
2020-12-08,SOYBEANS,SOYBEANS - CHICAGO BOARD OF TRADE,193210,15374,74723
2020-12-08,WHEAT,WHEAT-SRW - CHICAGO BOARD OF TRADE,76928,88949,70299
2020-12-15,CORN,CORN - CHICAGO BOARD OF TRADE,316486,88179,154002
2020-12-15,SOYBEAN MEAL,SOYBEAN MEAL - CHICAGO BOARD OF TRADE,83473,6491,36087
2020-12-15,SOYBEAN OIL,SOYBEAN OIL - CHICAGO BOARD OF TRADE,108296,13322,62363
2020-12-15,SOYBEANS,SOYBEANS - CHICAGO BOARD OF TRADE,191284,10514,83346
2020-12-15,WHEAT,WHEAT-SRW - CHICAGO BOARD OF TRADE,77780,75351,72130
2020-12-21,CORN,CORN - CHICAGO BOARD OF TRADE,325373,78265,155996
2020-12-21,SOYBEAN MEAL,SOYBEAN MEAL - CHICAGO BOARD OF TRADE,89336,6387,36482
2020-12-21,SOYBEAN OIL,SOYBEAN OIL - CHICAGO BOARD OF TRADE,112300,12608,58933
2020-12-21,SOYBEANS,SOYBEANS - CHICAGO BOARD OF TRADE,193242,14890,84964
2020-12-21,WHEAT,WHEAT-SRW - CHICAGO BOARD OF TRADE,77759,75285,74793
2020-12-29,CORN,CORN - CHICAGO BOARD OF TRADE,382904,73741,149804
2020-12-29,SOYBEAN MEAL,SOYBEAN MEAL - CHICAGO BOARD OF TRADE,95053,6146,34234
2020-12-29,SOYBEAN OIL,SOYBEAN OIL - CHICAGO BOARD OF TRADE,118120,7832,59079
2020-12-29,SOYBEANS,SOYBEANS - CHICAGO BOARD OF TRADE,194363,14757,77864
2020-12-29,WHEAT,WHEAT-SRW - CHICAGO BOARD OF TRADE,83531,73916,74157
2021-01-05,CORN,CORN - CHICAGO BOARD OF TRADE,396972,68764,157790
2021-01-05,SOYBEAN MEAL,SOYBEAN MEAL - CHICAGO BOARD OF TRADE,91530,7648,37408
2021-01-05,SOYBEAN OIL,SOYBEAN OIL - CHICAGO BOARD OF TRADE,117378,8220,61888
2021-01-05,SOYBEANS,SOYBEANS - CHICAGO BOARD OF TRADE,175999,16553,86613
2021-01-05,WHEAT,WHEAT-SRW - CHICAGO BOARD OF TRADE,92893,71167,77276
2021-01-12,CORN,CORN - CHICAGO BOARD OF TRADE,417788,57604,190608
2021-01-12,SOYBEAN MEAL,SOYBEAN MEAL - CHICAGO BOARD OF TRADE,90471,6470,38685
2021-01-12,SOYBEAN OIL,SOYBEAN OIL - CHICAGO BOARD OF TRADE,104092,13302,66352
2021-01-12,SOYBEANS,SOYBEANS - CHICAGO BOARD OF TRADE,168507,17966,95927
2021-01-12,WHEAT,WHEAT-SRW - CHICAGO BOARD OF TRADE,89761,78382,80115
2021-01-19,CORN,CORN - CHICAGO BOARD OF TRADE,374478,38391,196619
2021-01-19,SOYBEAN MEAL,SOYBEAN MEAL - CHICAGO BOARD OF TRADE,84564,7290,37594
2021-01-19,SOYBEAN OIL,SOYBEAN OIL - CHICAGO BOARD OF TRADE,101107,12524,61374
2021-01-19,SOYBEANS,SOYBEANS - CHICAGO BOARD OF TRADE,157227,19731,94287
2021-01-19,WHEAT,WHEAT-SRW - CHICAGO BOARD OF TRADE,93944,80272,81271
2021-01-26,CORN,CORN - CHICAGO BOARD OF TRADE,371320,30142,209252
2021-01-26,SOYBEAN MEAL,SOYBEAN MEAL - CHICAGO BOARD OF TRADE,81788,7470,35196
2021-01-26,SOYBEAN OIL,SOYBEAN OIL - CHICAGO BOARD OF TRADE,115025,11456,58571
2021-01-26,SOYBEANS,SOYBEANS - CHICAGO BOARD OF TRADE,162925,14814,92537
2021-01-26,WHEAT,WHEAT-SRW - CHICAGO BOARD OF TRADE,91435,77035,87873
2021-02-02,CORN,CORN - CHICAGO BOARD OF TRADE,348638,26329,203843
2021-02-02,SOYBEAN MEAL,SOYBEAN MEAL - CHICAGO BOARD OF TRADE,75339,8053,35091
2021-02-02,SOYBEAN OIL,SOYBEAN OIL - CHICAGO BOARD OF TRADE,114988,13035,60799
2021-02-02,SOYBEANS,SOYBEANS - CHICAGO BOARD OF TRADE,162592,14345,91810
2021-02-02,WHEAT,WHEAT-SRW - CHICAGO BOARD OF TRADE,88918,75478,88879
2021-02-09,CORN,CORN - CHICAGO BOARD OF TRADE,367402,27026,182031
2021-02-09,SOYBEAN MEAL,SOYBEAN MEAL - CHICAGO BOARD OF TRADE,76031,6904,31855
2021-02-09,SOYBEAN OIL,SOYBEAN OIL - CHICAGO BOARD OF TRADE,116768,11578,53083
2021-02-09,SOYBEANS,SOYBEANS - CHICAGO BOARD OF TRADE,171311,11767,81684
2021-02-09,WHEAT,WHEAT-SRW - CHICAGO BOARD OF TRADE,85639,72399,85618
2021-02-16,CORN,CORN - CHICAGO BOARD OF TRADE,376278,27787,173105
2021-02-16,SOYBEAN MEAL,SOYBEAN MEAL - CHICAGO BOARD OF TRADE,76753,7939,32682
2021-02-16,SOYBEAN OIL,SOYBEAN OIL - CHICAGO BOARD OF TRADE,116203,9973,57343
2021-02-16,SOYBEANS,SOYBEANS - CHICAGO BOARD OF TRADE,161131,11498,85609
2021-02-16,WHEAT,WHEAT-SRW - CHICAGO BOARD OF TRADE,88801,73412,84987
2021-02-23,CORN,CORN - CHICAGO BOARD OF TRADE,368814,23754,185961
2021-02-23,SOYBEAN MEAL,SOYBEAN MEAL - CHICAGO BOARD OF TRADE,76312,7408,32670
2021-02-23,SOYBEAN OIL,SOYBEAN OIL - CHICAGO BOARD OF TRADE,119150,8777,55866
2021-02-23,SOYBEANS,SOYBEANS - CHICAGO BOARD OF TRADE,170925,11010,85703
2021-02-23,WHEAT,WHEAT-SRW - CHICAGO BOARD OF TRADE,91831,71370,86266
2021-03-02,CORN,CORN - CHICAGO BOARD OF TRADE,358493,27654,176800
2021-03-02,SOYBEAN MEAL,SOYBEAN MEAL - CHICAGO BOARD OF TRADE,74066,9588,34265
2021-03-02,SOYBEAN OIL,SOYBEAN OIL - CHICAGO BOARD OF TRADE,115368,9276,56233
2021-03-02,SOYBEANS,SOYBEANS - CHICAGO BOARD OF TRADE,155364,12035,87706
2021-03-02,WHEAT,WHEAT-SRW - CHICAGO BOARD OF TRADE,95760,70400,85199
2021-03-09,CORN,CORN - CHICAGO BOARD OF TRADE,368598,29616,169154
2021-03-09,SOYBEAN MEAL,SOYBEAN MEAL - CHICAGO BOARD OF TRADE,73477,10151,36054
2021-03-09,SOYBEAN OIL,SOYBEAN OIL - CHICAGO BOARD OF TRADE,112248,14225,59024
2021-03-09,SOYBEANS,SOYBEANS - CHICAGO BOARD OF TRADE,160226,13688,94540
2021-03-09,WHEAT,WHEAT-SRW - CHICAGO BOARD OF TRADE,88915,66639,87807
2021-03-16,CORN,CORN - CHICAGO BOARD OF TRADE,385346,24560,169767
2021-03-16,SOYBEAN MEAL,SOYBEAN MEAL - CHICAGO BOARD OF TRADE,69546,9090,35158
2021-03-16,SOYBEAN OIL,SOYBEAN OIL - CHICAGO BOARD OF TRADE,114556,18060,58027
2021-03-16,SOYBEANS,SOYBEANS - CHICAGO BOARD OF TRADE,160017,14815,91039
2021-03-16,WHEAT,WHEAT-SRW - CHICAGO BOARD OF TRADE,85049,72878,91096
2021-03-23,CORN,CORN - CHICAGO BOARD OF TRADE,405685,26176,157435
2021-03-23,SOYBEAN MEAL,SOYBEAN MEAL - CHICAGO BOARD OF TRADE,66198,9399,35683
2021-03-23,SOYBEAN OIL,SOYBEAN OIL - CHICAGO BOARD OF TRADE,113483,21307,46398
2021-03-23,SOYBEANS,SOYBEANS - CHICAGO BOARD OF TRADE,164929,13357,91203
2021-03-23,WHEAT,WHEAT-SRW - CHICAGO BOARD OF TRADE,83963,81245,88269
2021-03-30,CORN,CORN - CHICAGO BOARD OF TRADE,415872,28174,156534
2021-03-30,SOYBEAN MEAL,SOYBEAN MEAL - CHICAGO BOARD OF TRADE,66845,9422,35398
2021-03-30,SOYBEAN OIL,SOYBEAN OIL - CHICAGO BOARD OF TRADE,107300,27893,45679
2021-03-30,SOYBEANS,SOYBEANS - CHICAGO BOARD OF TRADE,152917,19142,93969
2021-03-30,WHEAT,WHEAT-SRW - CHICAGO BOARD OF TRADE,77415,96520,88433
2021-04-06,CORN,CORN - CHICAGO BOARD OF TRADE,403716,24074,157881
2021-04-06,SOYBEAN MEAL,SOYBEAN MEAL - CHICAGO BOARD OF TRADE,67296,6883,38435
2021-04-06,SOYBEAN OIL,SOYBEAN OIL - CHICAGO BOARD OF TRADE,100505,25699,49689
2021-04-06,SOYBEANS,SOYBEANS - CHICAGO BOARD OF TRADE,154809,13666,91574
2021-04-06,WHEAT,WHEAT-SRW - CHICAGO BOARD OF TRADE,80255,92263,83068
2021-04-13,CORN,CORN - CHICAGO BOARD OF TRADE,420776,23545,156465
2021-04-13,SOYBEAN MEAL,SOYBEAN MEAL - CHICAGO BOARD OF TRADE,58130,15289,37280
2021-04-13,SOYBEAN OIL,SOYBEAN OIL - CHICAGO BOARD OF TRADE,102851,23650,46146
2021-04-13,SOYBEANS,SOYBEANS - CHICAGO BOARD OF TRADE,147769,17456,97002
2021-04-13,WHEAT,WHEAT-SRW - CHICAGO BOARD OF TRADE,80585,99748,82137
2021-04-20,CORN,CORN - CHICAGO BOARD OF TRADE,405179,25096,155869
2021-04-20,SOYBEAN MEAL,SOYBEAN MEAL - CHICAGO BOARD OF TRADE,57728,10554,37984
2021-04-20,SOYBEAN OIL,SOYBEAN OIL - CHICAGO BOARD OF TRADE,109122,21892,44285
2021-04-20,SOYBEANS,SOYBEANS - CHICAGO BOARD OF TRADE,173029,12935,96244
2021-04-20,WHEAT,WHEAT-SRW - CHICAGO BOARD OF TRADE,86931,90628,88029
2021-04-27,CORN,CORN - CHICAGO BOARD OF TRADE,388010,25772,154054
2021-04-27,SOYBEAN MEAL,SOYBEAN MEAL - CHICAGO BOARD OF TRADE,61365,8502,38150
2021-04-27,SOYBEAN OIL,SOYBEAN OIL - CHICAGO BOARD OF TRADE,108147,19245,41926
2021-04-27,SOYBEANS,SOYBEANS - CHICAGO BOARD OF TRADE,182691,13840,86749
2021-04-27,WHEAT,WHEAT-SRW - CHICAGO BOARD OF TRADE,94221,87011,77992
2021-05-04,CORN,CORN - CHICAGO BOARD OF TRADE,380677,25178,151227
2021-05-04,SOYBEAN MEAL,SOYBEAN MEAL - CHICAGO BOARD OF TRADE,64678,11662,38205
2021-05-04,SOYBEAN OIL,SOYBEAN OIL - CHICAGO BOARD OF TRADE,104459,20848,44990
2021-05-04,SOYBEANS,SOYBEANS - CHICAGO BOARD OF TRADE,178114,15139,73226
2021-05-04,WHEAT,WHEAT-SRW - CHICAGO BOARD OF TRADE,91134,87153,82526
2021-05-11,CORN,CORN - CHICAGO BOARD OF TRADE,340481,28958,153481
2021-05-11,SOYBEAN MEAL,SOYBEAN MEAL - CHICAGO BOARD OF TRADE,74711,6174,39189
2021-05-11,SOYBEAN OIL,SOYBEAN OIL - CHICAGO BOARD OF TRADE,100919,18642,48338
2021-05-11,SOYBEANS,SOYBEANS - CHICAGO BOARD OF TRADE,181501,14373,67871
2021-05-11,WHEAT,WHEAT-SRW - CHICAGO BOARD OF TRADE,90298,84214,82494
2021-05-18,CORN,CORN - CHICAGO BOARD OF TRADE,325081,30711,153024
2021-05-18,SOYBEAN MEAL,SOYBEAN MEAL - CHICAGO BOARD OF TRADE,59969,10102,35937
2021-05-18,SOYBEAN OIL,SOYBEAN OIL - CHICAGO BOARD OF TRADE,97775,17827,49140
2021-05-18,SOYBEANS,SOYBEANS - CHICAGO BOARD OF TRADE,160552,15958,68798
2021-05-18,WHEAT,WHEAT-SRW - CHICAGO BOARD OF TRADE,89896,82716,85872
2021-05-25,CORN,CORN - CHICAGO BOARD OF TRADE,307029,38278,166701
2021-05-25,SOYBEAN MEAL,SOYBEAN MEAL - CHICAGO BOARD OF TRADE,49188,24640,34233
2021-05-25,SOYBEAN OIL,SOYBEAN OIL - CHICAGO BOARD OF TRADE,101714,17767,47269
2021-05-25,SOYBEANS,SOYBEANS - CHICAGO BOARD OF TRADE,148454,14797,70956
2021-05-25,WHEAT,WHEAT-SRW - CHICAGO BOARD OF TRADE,79595,82129,94696
2021-06-01,CORN,CORN - CHICAGO BOARD OF TRADE,315054,24954,173238
2021-06-01,SOYBEAN MEAL,SOYBEAN MEAL - CHICAGO BOARD OF TRADE,44612,24257,38478
2021-06-01,SOYBEAN OIL,SOYBEAN OIL - CHICAGO BOARD OF TRADE,105977,20948,53494
2021-06-01,SOYBEANS,SOYBEANS - CHICAGO BOARD OF TRADE,144226,14305,74021
2021-06-01,WHEAT,WHEAT-SRW - CHICAGO BOARD OF TRADE,73827,78604,87464
2021-06-08,CORN,CORN - CHICAGO BOARD OF TRADE,308049,30496,156940
2021-06-08,SOYBEAN MEAL,SOYBEAN MEAL - CHICAGO BOARD OF TRADE,46666,20673,34313
2021-06-08,SOYBEAN OIL,SOYBEAN OIL - CHICAGO BOARD OF TRADE,97042,16703,63347
2021-06-08,SOYBEANS,SOYBEANS - CHICAGO BOARD OF TRADE,145514,15629,69141
2021-06-08,WHEAT,WHEAT-SRW - CHICAGO BOARD OF TRADE,67970,77245,83228
2021-06-15,CORN,CORN - CHICAGO BOARD OF TRADE,288211,33304,174423
2021-06-15,SOYBEAN MEAL,SOYBEAN MEAL - CHICAGO BOARD OF TRADE,45831,27560,30400
2021-06-15,SOYBEAN OIL,SOYBEAN OIL - CHICAGO BOARD OF TRADE,86114,18821,68847
2021-06-15,SOYBEANS,SOYBEANS - CHICAGO BOARD OF TRADE,119644,17402,67044
2021-06-15,WHEAT,WHEAT-SRW - CHICAGO BOARD OF TRADE,66979,83186,78696
2021-06-22,CORN,CORN - CHICAGO BOARD OF TRADE,272269,29458,174037
2021-06-22,SOYBEAN MEAL,SOYBEAN MEAL - CHICAGO BOARD OF TRADE,47386,27865,27926
2021-06-22,SOYBEAN OIL,SOYBEAN OIL - CHICAGO BOARD OF TRADE,69552,17726,66488
2021-06-22,SOYBEANS,SOYBEANS - CHICAGO BOARD OF TRADE,95390,15072,67477
2021-06-22,WHEAT,WHEAT-SRW - CHICAGO BOARD OF TRADE,69190,74191,70079
2021-06-29,CORN,CORN - CHICAGO BOARD OF TRADE,272222,33744,155664
2021-06-29,SOYBEAN MEAL,SOYBEAN MEAL - CHICAGO BOARD OF TRADE,47657,31678,30539
2021-06-29,SOYBEAN OIL,SOYBEAN OIL - CHICAGO BOARD OF TRADE,69751,22026,63128
2021-06-29,SOYBEANS,SOYBEANS - CHICAGO BOARD OF TRADE,90898,19178,67076
2021-06-29,WHEAT,WHEAT-SRW - CHICAGO BOARD OF TRADE,67999,69438,57742
2021-07-06,CORN,CORN - CHICAGO BOARD OF TRADE,265362,47952,166878
2021-07-06,SOYBEAN MEAL,SOYBEAN MEAL - CHICAGO BOARD OF TRADE,45480,24423,31090
2021-07-06,SOYBEAN OIL,SOYBEAN OIL - CHICAGO BOARD OF TRADE,69427,21404,65464
2021-07-06,SOYBEANS,SOYBEANS - CHICAGO BOARD OF TRADE,98546,21245,71385
2021-07-06,WHEAT,WHEAT-SRW - CHICAGO BOARD OF TRADE,64456,80819,48863
2021-07-13,CORN,CORN - CHICAGO BOARD OF TRADE,246971,42083,179138
2021-07-13,SOYBEAN MEAL,SOYBEAN MEAL - CHICAGO BOARD OF TRADE,44882,28060,26313
2021-07-13,SOYBEAN OIL,SOYBEAN OIL - CHICAGO BOARD OF TRADE,71511,22917,60143
2021-07-13,SOYBEANS,SOYBEANS - CHICAGO BOARD OF TRADE,91477,14916,75749
2021-07-13,WHEAT,WHEAT-SRW - CHICAGO BOARD OF TRADE,63119,89384,42848
2021-07-20,CORN,CORN - CHICAGO BOARD OF TRADE,258994,40431,163672
2021-07-20,SOYBEAN MEAL,SOYBEAN MEAL - CHICAGO BOARD OF TRADE,47327,25812,24416
2021-07-20,SOYBEAN OIL,SOYBEAN OIL - CHICAGO BOARD OF TRADE,76115,19008,58906
2021-07-20,SOYBEANS,SOYBEANS - CHICAGO BOARD OF TRADE,100773,12152,74721
2021-07-20,WHEAT,WHEAT-SRW - CHICAGO BOARD OF TRADE,68461,74020,47557
2021-07-27,CORN,CORN - CHICAGO BOARD OF TRADE,256470,30521,161694
2021-07-27,SOYBEAN MEAL,SOYBEAN MEAL - CHICAGO BOARD OF TRADE,48725,26578,22172
2021-07-27,SOYBEAN OIL,SOYBEAN OIL - CHICAGO BOARD OF TRADE,80626,19095,47876
2021-07-27,SOYBEANS,SOYBEANS - CHICAGO BOARD OF TRADE,100165,12221,72772
2021-07-27,WHEAT,WHEAT-SRW - CHICAGO BOARD OF TRADE,69252,69073,54431
2021-08-03,CORN,CORN - CHICAGO BOARD OF TRADE,272018,29341,151731
2021-08-03,SOYBEAN MEAL,SOYBEAN MEAL - CHICAGO BOARD OF TRADE,47649,29498,22571
2021-08-03,SOYBEAN OIL,SOYBEAN OIL - CHICAGO BOARD OF TRADE,85120,20103,48381
2021-08-03,SOYBEANS,SOYBEANS - CHICAGO BOARD OF TRADE,93406,20403,73255
2021-08-03,WHEAT,WHEAT-SRW - CHICAGO BOARD OF TRADE,79402,66958,59904
2021-08-10,CORN,CORN - CHICAGO BOARD OF TRADE,278740,32269,126642
2021-08-10,SOYBEAN MEAL,SOYBEAN MEAL - CHICAGO BOARD OF TRADE,52105,26875,25894
2021-08-10,SOYBEAN OIL,SOYBEAN OIL - CHICAGO BOARD OF TRADE,83994,19914,46268
2021-08-10,SOYBEANS,SOYBEANS - CHICAGO BOARD OF TRADE,100014,13106,68078
2021-08-10,WHEAT,WHEAT-SRW - CHICAGO BOARD OF TRADE,82966,66061,57114
2021-08-17,CORN,CORN - CHICAGO BOARD OF TRADE,294478,25396,126649
2021-08-17,SOYBEAN MEAL,SOYBEAN MEAL - CHICAGO BOARD OF TRADE,50804,23098,26178
2021-08-17,SOYBEAN OIL,SOYBEAN OIL - CHICAGO BOARD OF TRADE,87106,17667,43758
2021-08-17,SOYBEANS,SOYBEANS - CHICAGO BOARD OF TRADE,105558,11852,64363
2021-08-17,WHEAT,WHEAT-SRW - CHICAGO BOARD OF TRADE,95262,73169,57695
2021-08-24,CORN,CORN - CHICAGO BOARD OF TRADE,286857,28974,143409
2021-08-24,SOYBEAN MEAL,SOYBEAN MEAL - CHICAGO BOARD OF TRADE,48441,27589,26979
2021-08-24,SOYBEAN OIL,SOYBEAN OIL - CHICAGO BOARD OF TRADE,84105,16932,42767
2021-08-24,SOYBEANS,SOYBEANS - CHICAGO BOARD OF TRADE,98968,20399,58820
2021-08-24,WHEAT,WHEAT-SRW - CHICAGO BOARD OF TRADE,89010,80713,62358
2021-08-31,CORN,CORN - CHICAGO BOARD OF TRADE,281251,35501,131600
2021-08-31,SOYBEAN MEAL,SOYBEAN MEAL - CHICAGO BOARD OF TRADE,49548,37570,24638
2021-08-31,SOYBEAN OIL,SOYBEAN OIL - CHICAGO BOARD OF TRADE,78032,22586,44189
2021-08-31,SOYBEANS,SOYBEANS - CHICAGO BOARD OF TRADE,93271,27454,60741
2021-08-31,WHEAT,WHEAT-SRW - CHICAGO BOARD OF TRADE,80085,72134,66144
2021-09-07,CORN,CORN - CHICAGO BOARD OF TRADE,256533,54331,133437
2021-09-07,SOYBEAN MEAL,SOYBEAN MEAL - CHICAGO BOARD OF TRADE,47366,55013,25697
2021-09-07,SOYBEAN OIL,SOYBEAN OIL - CHICAGO BOARD OF TRADE,75661,21858,49037
2021-09-07,SOYBEANS,SOYBEANS - CHICAGO BOARD OF TRADE,86702,32402,68385
2021-09-07,WHEAT,WHEAT-SRW - CHICAGO BOARD OF TRADE,76691,74399,68185
2021-09-14,CORN,CORN - CHICAGO BOARD OF TRADE,248897,51140,129733
2021-09-14,SOYBEAN MEAL,SOYBEAN MEAL - CHICAGO BOARD OF TRADE,43697,60202,26475
2021-09-14,SOYBEAN OIL,SOYBEAN OIL - CHICAGO BOARD OF TRADE,72181,24303,40540
2021-09-14,SOYBEANS,SOYBEANS - CHICAGO BOARD OF TRADE,81710,31266,63659
2021-09-14,WHEAT,WHEAT-SRW - CHICAGO BOARD OF TRADE,64027,74158,69288
2021-09-21,CORN,CORN - CHICAGO BOARD OF TRADE,246431,46488,126529
2021-09-21,SOYBEAN MEAL,SOYBEAN MEAL - CHICAGO BOARD OF TRADE,40276,59068,31879
2021-09-21,SOYBEAN OIL,SOYBEAN OIL - CHICAGO BOARD OF TRADE,68826,29257,35153
2021-09-21,SOYBEANS,SOYBEANS - CHICAGO BOARD OF TRADE,77859,32298,67167
2021-09-21,WHEAT,WHEAT-SRW - CHICAGO BOARD OF TRADE,59619,69447,68942
2021-09-28,CORN,CORN - CHICAGO BOARD OF TRADE,268145,33101,121146
2021-09-28,SOYBEAN MEAL,SOYBEAN MEAL - CHICAGO BOARD OF TRADE,44150,59194,36470
2021-09-28,SOYBEAN OIL,SOYBEAN OIL - CHICAGO BOARD OF TRADE,69370,21746,38336
2021-09-28,SOYBEANS,SOYBEANS - CHICAGO BOARD OF TRADE,83357,26215,68292
2021-09-28,WHEAT,WHEAT-SRW - CHICAGO BOARD OF TRADE,59975,72875,66271
2021-10-05,CORN,CORN - CHICAGO BOARD OF TRADE,282046,38449,113560
2021-10-05,SOYBEAN MEAL,SOYBEAN MEAL - CHICAGO BOARD OF TRADE,40180,72069,43733
2021-10-05,SOYBEAN OIL,SOYBEAN OIL - CHICAGO BOARD OF TRADE,86477,12001,41132
2021-10-05,SOYBEANS,SOYBEANS - CHICAGO BOARD OF TRADE,81450,34305,74106
2021-10-05,WHEAT,WHEAT-SRW - CHICAGO BOARD OF TRADE,73904,69323,71377
2021-10-12,CORN,CORN - CHICAGO BOARD OF TRADE,273419,55180,114747
2021-10-12,SOYBEAN MEAL,SOYBEAN MEAL - CHICAGO BOARD OF TRADE,39567,79760,51661
2021-10-12,SOYBEAN OIL,SOYBEAN OIL - CHICAGO BOARD OF TRADE,87180,14326,36997
2021-10-12,SOYBEANS,SOYBEANS - CHICAGO BOARD OF TRADE,74693,50485,72571
2021-10-12,WHEAT,WHEAT-SRW - CHICAGO BOARD OF TRADE,69853,79833,75232
2021-10-19,CORN,CORN - CHICAGO BOARD OF TRADE,262955,51301,119392
2021-10-19,SOYBEAN MEAL,SOYBEAN MEAL - CHICAGO BOARD OF TRADE,41431,73753,51831
2021-10-19,SOYBEAN OIL,SOYBEAN OIL - CHICAGO BOARD OF TRADE,94344,13350,37426
2021-10-19,SOYBEANS,SOYBEANS - CHICAGO BOARD OF TRADE,76997,61723,70170
2021-10-19,WHEAT,WHEAT-SRW - CHICAGO BOARD OF TRADE,67993,87491,75961
2021-10-26,CORN,CORN - CHICAGO BOARD OF TRADE,271210,36003,121316
2021-10-26,SOYBEAN MEAL,SOYBEAN MEAL - CHICAGO BOARD OF TRADE,46585,61545,47347
2021-10-26,SOYBEAN OIL,SOYBEAN OIL - CHICAGO BOARD OF TRADE,99160,14494,40870
2021-10-26,SOYBEANS,SOYBEANS - CHICAGO BOARD OF TRADE,78820,54060,61268
2021-10-26,WHEAT,WHEAT-SRW - CHICAGO BOARD OF TRADE,72458,84029,79654
2021-11-02,CORN,CORN - CHICAGO BOARD OF TRADE,346283,27459,132746
2021-11-02,SOYBEAN MEAL,SOYBEAN MEAL - CHICAGO BOARD OF TRADE,51923,58364,44479
2021-11-02,SOYBEAN OIL,SOYBEAN OIL - CHICAGO BOARD OF TRADE,101012,12809,39740
2021-11-02,SOYBEANS,SOYBEANS - CHICAGO BOARD OF TRADE,91006,47998,49789
2021-11-02,WHEAT,WHEAT-SRW - CHICAGO BOARD OF TRADE,79464,74852,83566
2021-11-09,CORN,CORN - CHICAGO BOARD OF TRADE,342325,30688,127587
2021-11-09,SOYBEAN MEAL,SOYBEAN MEAL - CHICAGO BOARD OF TRADE,56308,47212,44474
2021-11-09,SOYBEAN OIL,SOYBEAN OIL - CHICAGO BOARD OF TRADE,90099,17337,43201
2021-11-09,SOYBEANS,SOYBEANS - CHICAGO BOARD OF TRADE,79061,69839,54302
2021-11-09,WHEAT,WHEAT-SRW - CHICAGO BOARD OF TRADE,80922,79196,78000
2021-11-16,CORN,CORN - CHICAGO BOARD OF TRADE,364192,28919,133225
2021-11-16,SOYBEAN MEAL,SOYBEAN MEAL - CHICAGO BOARD OF TRADE,61491,23936,45673
2021-11-16,SOYBEAN OIL,SOYBEAN OIL - CHICAGO BOARD OF TRADE,90954,14836,41170
2021-11-16,SOYBEANS,SOYBEANS - CHICAGO BOARD OF TRADE,87129,57590,53123
2021-11-16,WHEAT,WHEAT-SRW - CHICAGO BOARD OF TRADE,90776,74529,73035
2021-11-23,CORN,CORN - CHICAGO BOARD OF TRADE,388087,26078,131445
2021-11-23,SOYBEAN MEAL,SOYBEAN MEAL - CHICAGO BOARD OF TRADE,66914,12930,45487
2021-11-23,SOYBEAN OIL,SOYBEAN OIL - CHICAGO BOARD OF TRADE,94038,12425,39732
2021-11-23,SOYBEANS,SOYBEANS - CHICAGO BOARD OF TRADE,95484,45216,61832
2021-11-23,WHEAT,WHEAT-SRW - CHICAGO BOARD OF TRADE,96113,75993,74411
2021-11-30,CORN,CORN - CHICAGO BOARD OF TRADE,341147,37613,116322
2021-11-30,SOYBEAN MEAL,SOYBEAN MEAL - CHICAGO BOARD OF TRADE,55114,17503,40906
2021-11-30,SOYBEAN OIL,SOYBEAN OIL - CHICAGO BOARD OF TRADE,82400,18154,40438
2021-11-30,SOYBEANS,SOYBEANS - CHICAGO BOARD OF TRADE,82716,51642,64336
2021-11-30,WHEAT,WHEAT-SRW - CHICAGO BOARD OF TRADE,84000,79118,65674
2021-12-07,CORN,CORN - CHICAGO BOARD OF TRADE,348164,27277,115468
2021-12-07,SOYBEAN MEAL,SOYBEAN MEAL - CHICAGO BOARD OF TRADE,50190,22193,38421
2021-12-07,SOYBEAN OIL,SOYBEAN OIL - CHICAGO BOARD OF TRADE,74568,16255,35373
2021-12-07,SOYBEANS,SOYBEANS - CHICAGO BOARD OF TRADE,80371,43876,71621
2021-12-07,WHEAT,WHEAT-SRW - CHICAGO BOARD OF TRADE,77467,78621,62682
2021-12-14,CORN,CORN - CHICAGO BOARD OF TRADE,361859,26387,122136
2021-12-14,SOYBEAN MEAL,SOYBEAN MEAL - CHICAGO BOARD OF TRADE,58236,17544,31366
2021-12-14,SOYBEAN OIL,SOYBEAN OIL - CHICAGO BOARD OF TRADE,65203,20545,33722
2021-12-14,SOYBEANS,SOYBEANS - CHICAGO BOARD OF TRADE,78854,38403,67636
2021-12-14,WHEAT,WHEAT-SRW - CHICAGO BOARD OF TRADE,71889,81406,66492
2021-12-21,CORN,CORN - CHICAGO BOARD OF TRADE,378288,27385,126103
2021-12-21,SOYBEAN MEAL,SOYBEAN MEAL - CHICAGO BOARD OF TRADE,63841,13200,32435
2021-12-21,SOYBEAN OIL,SOYBEAN OIL - CHICAGO BOARD OF TRADE,61630,23178,35368
2021-12-21,SOYBEANS,SOYBEANS - CHICAGO BOARD OF TRADE,101411,27459,66863
2021-12-21,WHEAT,WHEAT-SRW - CHICAGO BOARD OF TRADE,67006,79736,68624
2021-12-28,CORN,CORN - CHICAGO BOARD OF TRADE,390822,28291,127689
2021-12-28,SOYBEAN MEAL,SOYBEAN MEAL - CHICAGO BOARD OF TRADE,71726,10926,30224
2021-12-28,SOYBEAN OIL,SOYBEAN OIL - CHICAGO BOARD OF TRADE,62892,19008,30466
2021-12-28,SOYBEANS,SOYBEANS - CHICAGO BOARD OF TRADE,118698,19592,57120
2021-12-28,WHEAT,WHEAT-SRW - CHICAGO BOARD OF TRADE,67061,81235,64810
2022-01-04,CORN,CORN - CHICAGO BOARD OF TRADE,382122,26767,122553
2022-01-04,SOYBEAN MEAL,SOYBEAN MEAL - CHICAGO BOARD OF TRADE,82152,11737,30955
2022-01-04,SOYBEAN OIL,SOYBEAN OIL - CHICAGO BOARD OF TRADE,70159,19019,31823
2022-01-04,SOYBEANS,SOYBEANS - CHICAGO BOARD OF TRADE,118780,18496,58517
2022-01-04,WHEAT,WHEAT-SRW - CHICAGO BOARD OF TRADE,64097,86804,62457
2022-01-11,CORN,CORN - CHICAGO BOARD OF TRADE,365679,30903,123110
2022-01-11,SOYBEAN MEAL,SOYBEAN MEAL - CHICAGO BOARD OF TRADE,84315,11373,38424
2022-01-11,SOYBEAN OIL,SOYBEAN OIL - CHICAGO BOARD OF TRADE,72436,19717,36694
2022-01-11,SOYBEANS,SOYBEANS - CHICAGO BOARD OF TRADE,126345,19067,67282
2022-01-11,WHEAT,WHEAT-SRW - CHICAGO BOARD OF TRADE,58578,89780,62947
2022-01-18,CORN,CORN - CHICAGO BOARD OF TRADE,351850,32906,117734
2022-01-18,SOYBEAN MEAL,SOYBEAN MEAL - CHICAGO BOARD OF TRADE,81846,16813,37616
2022-01-18,SOYBEAN OIL,SOYBEAN OIL - CHICAGO BOARD OF TRADE,76450,20284,38637
2022-01-18,SOYBEANS,SOYBEANS - CHICAGO BOARD OF TRADE,127093,28642,74084
2022-01-18,WHEAT,WHEAT-SRW - CHICAGO BOARD OF TRADE,62602,90987,58138
2022-01-25,CORN,CORN - CHICAGO BOARD OF TRADE,390867,30743,118855
2022-01-25,SOYBEAN MEAL,SOYBEAN MEAL - CHICAGO BOARD OF TRADE,76369,11677,39776
2022-01-25,SOYBEAN OIL,SOYBEAN OIL - CHICAGO BOARD OF TRADE,84615,17737,47260
2022-01-25,SOYBEANS,SOYBEANS - CHICAGO BOARD OF TRADE,130917,22914,90365
2022-01-25,WHEAT,WHEAT-SRW - CHICAGO BOARD OF TRADE,70505,85695,67076
2022-02-01,CORN,CORN - CHICAGO BOARD OF TRADE,402021,33192,114699
2022-02-01,SOYBEAN MEAL,SOYBEAN MEAL - CHICAGO BOARD OF TRADE,86090,8509,40196
2022-02-01,SOYBEAN OIL,SOYBEAN OIL - CHICAGO BOARD OF TRADE,94938,16029,50122
2022-02-01,SOYBEANS,SOYBEANS - CHICAGO BOARD OF TRADE,162619,13175,92195
2022-02-01,WHEAT,WHEAT-SRW - CHICAGO BOARD OF TRADE,63857,92987,69605
2022-02-08,CORN,CORN - CHICAGO BOARD OF TRADE,374736,40286,110846
2022-02-08,SOYBEAN MEAL,SOYBEAN MEAL - CHICAGO BOARD OF TRADE,96661,8180,36985
2022-02-08,SOYBEAN OIL,SOYBEAN OIL - CHICAGO BOARD OF TRADE,89965,18393,43937
2022-02-08,SOYBEANS,SOYBEANS - CHICAGO BOARD OF TRADE,175466,11130,93234
2022-02-08,WHEAT,WHEAT-SRW - CHICAGO BOARD OF TRADE,62508,94477,64650
2022-02-15,CORN,CORN - CHICAGO BOARD OF TRADE,363571,40372,125939
2022-02-15,SOYBEAN MEAL,SOYBEAN MEAL - CHICAGO BOARD OF TRADE,98237,8351,32061
2022-02-15,SOYBEAN OIL,SOYBEAN OIL - CHICAGO BOARD OF TRADE,86969,17274,46591
2022-02-15,SOYBEANS,SOYBEANS - CHICAGO BOARD OF TRADE,183127,10274,94795
2022-02-15,WHEAT,WHEAT-SRW - CHICAGO BOARD OF TRADE,63432,100038,70287
2022-02-22,CORN,CORN - CHICAGO BOARD OF TRADE,382449,37659,117760
2022-02-22,SOYBEAN MEAL,SOYBEAN MEAL - CHICAGO BOARD OF TRADE,96816,7367,31796
2022-02-22,SOYBEAN OIL,SOYBEAN OIL - CHICAGO BOARD OF TRADE,92562,14293,46139
2022-02-22,SOYBEANS,SOYBEANS - CHICAGO BOARD OF TRADE,182575,11191,91716
2022-02-22,WHEAT,WHEAT-SRW - CHICAGO BOARD OF TRADE,71531,91049,64951
2022-03-01,CORN,CORN - CHICAGO BOARD OF TRADE,366738,29517,113749
2022-03-01,SOYBEAN MEAL,SOYBEAN MEAL - CHICAGO BOARD OF TRADE,98492,4606,30800
2022-03-01,SOYBEAN OIL,SOYBEAN OIL - CHICAGO BOARD OF TRADE,92547,11890,37328
2022-03-01,SOYBEANS,SOYBEANS - CHICAGO BOARD OF TRADE,175639,9581,84235
2022-03-01,WHEAT,WHEAT-SRW - CHICAGO BOARD OF TRADE,76881,85724,61273
2022-03-08,CORN,CORN - CHICAGO BOARD OF TRADE,370280,14456,90383
2022-03-08,SOYBEAN MEAL,SOYBEAN MEAL - CHICAGO BOARD OF TRADE,99448,3253,21357
2022-03-08,SOYBEAN OIL,SOYBEAN OIL - CHICAGO BOARD OF TRADE,89012,3662,19983
2022-03-08,SOYBEANS,SOYBEANS - CHICAGO BOARD OF TRADE,168811,7141,76127
2022-03-08,WHEAT,WHEAT-SRW - CHICAGO BOARD OF TRADE,88331,66574,34697
2022-03-15,CORN,CORN - CHICAGO BOARD OF TRADE,376324,15074,89658
2022-03-15,SOYBEAN MEAL,SOYBEAN MEAL - CHICAGO BOARD OF TRADE,104346,1831,22975
2022-03-15,SOYBEAN OIL,SOYBEAN OIL - CHICAGO BOARD OF TRADE,91691,2238,16873
2022-03-15,SOYBEANS,SOYBEANS - CHICAGO BOARD OF TRADE,169037,7109,73313
2022-03-15,WHEAT,WHEAT-SRW - CHICAGO BOARD OF TRADE,86470,61503,34451
2022-03-22,CORN,CORN - CHICAGO BOARD OF TRADE,384354,12440,91036
2022-03-22,SOYBEAN MEAL,SOYBEAN MEAL - CHICAGO BOARD OF TRADE,103117,2554,25634
2022-03-22,SOYBEAN OIL,SOYBEAN OIL - CHICAGO BOARD OF TRADE,88041,3602,16659
2022-03-22,SOYBEANS,SOYBEANS - CHICAGO BOARD OF TRADE,171042,6794,65588
2022-03-22,WHEAT,WHEAT-SRW - CHICAGO BOARD OF TRADE,87003,64311,36938
2022-03-29,CORN,CORN - CHICAGO BOARD OF TRADE,358316,16677,95261
2022-03-29,SOYBEAN MEAL,SOYBEAN MEAL - CHICAGO BOARD OF TRADE,102061,2423,28297
2022-03-29,SOYBEAN OIL,SOYBEAN OIL - CHICAGO BOARD OF TRADE,83126,3469,19483
2022-03-29,SOYBEANS,SOYBEANS - CHICAGO BOARD OF TRADE,160523,9495,61035
2022-03-29,WHEAT,WHEAT-SRW - CHICAGO BOARD OF TRADE,86180,66535,37733
2022-04-05,CORN,CORN - CHICAGO BOARD OF TRADE,363898,14794,104497
2022-04-05,SOYBEAN MEAL,SOYBEAN MEAL - CHICAGO BOARD OF TRADE,102657,2733,29578
2022-04-05,SOYBEAN OIL,SOYBEAN OIL - CHICAGO BOARD OF TRADE,81932,4715,21884
2022-04-05,SOYBEANS,SOYBEANS - CHICAGO BOARD OF TRADE,165927,9116,63376
2022-04-05,WHEAT,WHEAT-SRW - CHICAGO BOARD OF TRADE,84903,70950,38019
2022-04-12,CORN,CORN - CHICAGO BOARD OF TRADE,371950,15073,93399
2022-04-12,SOYBEAN MEAL,SOYBEAN MEAL - CHICAGO BOARD OF TRADE,96856,3853,19329
2022-04-12,SOYBEAN OIL,SOYBEAN OIL - CHICAGO BOARD OF TRADE,86655,2120,18833
2022-04-12,SOYBEANS,SOYBEANS - CHICAGO BOARD OF TRADE,171513,6864,55615
2022-04-12,WHEAT,WHEAT-SRW - CHICAGO BOARD OF TRADE,89473,72406,30638
2022-04-19,CORN,CORN - CHICAGO BOARD OF TRADE,381896,18995,96610
2022-04-19,SOYBEAN MEAL,SOYBEAN MEAL - CHICAGO BOARD OF TRADE,102221,2949,19892
2022-04-19,SOYBEAN OIL,SOYBEAN OIL - CHICAGO BOARD OF TRADE,100572,3518,22034
2022-04-19,SOYBEANS,SOYBEANS - CHICAGO BOARD OF TRADE,176869,5504,55210
2022-04-19,WHEAT,WHEAT-SRW - CHICAGO BOARD OF TRADE,90348,75624,32571
2022-04-26,CORN,CORN - CHICAGO BOARD OF TRADE,361353,22759,91913
2022-04-26,SOYBEAN MEAL,SOYBEAN MEAL - CHICAGO BOARD OF TRADE,96810,5881,20643
2022-04-26,SOYBEAN OIL,SOYBEAN OIL - CHICAGO BOARD OF TRADE,101320,5100,22543
2022-04-26,SOYBEANS,SOYBEANS - CHICAGO BOARD OF TRADE,172362,5674,50994
2022-04-26,WHEAT,WHEAT-SRW - CHICAGO BOARD OF TRADE,85717,70747,35091
2022-05-03,CORN,CORN - CHICAGO BOARD OF TRADE,361980,34178,91835
2022-05-03,SOYBEAN MEAL,SOYBEAN MEAL - CHICAGO BOARD OF TRADE,85827,12431,21420
2022-05-03,SOYBEAN OIL,SOYBEAN OIL - CHICAGO BOARD OF TRADE,90348,5527,24941
2022-05-03,SOYBEANS,SOYBEANS - CHICAGO BOARD OF TRADE,160502,12491,47081
2022-05-03,WHEAT,WHEAT-SRW - CHICAGO BOARD OF TRADE,82420,71718,39536
2022-05-10,CORN,CORN - CHICAGO BOARD OF TRADE,357196,43805,111621
2022-05-10,SOYBEAN MEAL,SOYBEAN MEAL - CHICAGO BOARD OF TRADE,70841,18800,20795
2022-05-10,SOYBEAN OIL,SOYBEAN OIL - CHICAGO BOARD OF TRADE,92660,5216,28455
2022-05-10,SOYBEANS,SOYBEANS - CHICAGO BOARD OF TRADE,143822,17271,46922
2022-05-10,WHEAT,WHEAT-SRW - CHICAGO BOARD OF TRADE,86293,70380,32086
2022-05-17,CORN,CORN - CHICAGO BOARD OF TRADE,366698,54333,110146
2022-05-17,SOYBEAN MEAL,SOYBEAN MEAL - CHICAGO BOARD OF TRADE,59361,23485,21470
2022-05-17,SOYBEAN OIL,SOYBEAN OIL - CHICAGO BOARD OF TRADE,91080,6301,30980
2022-05-17,SOYBEANS,SOYBEANS - CHICAGO BOARD OF TRADE,158732,16703,48387
2022-05-17,WHEAT,WHEAT-SRW - CHICAGO BOARD OF TRADE,97490,66034,35489
2022-05-24,CORN,CORN - CHICAGO BOARD OF TRADE,340248,72757,128400
2022-05-24,SOYBEAN MEAL,SOYBEAN MEAL - CHICAGO BOARD OF TRADE,62418,13192,24201
2022-05-24,SOYBEAN OIL,SOYBEAN OIL - CHICAGO BOARD OF TRADE,81486,13701,34337
2022-05-24,SOYBEANS,SOYBEANS - CHICAGO BOARD OF TRADE,172218,13713,52803
2022-05-24,WHEAT,WHEAT-SRW - CHICAGO BOARD OF TRADE,93233,68450,39444
2022-05-31,CORN,CORN - CHICAGO BOARD OF TRADE,329922,83222,148305
2022-05-31,SOYBEAN MEAL,SOYBEAN MEAL - CHICAGO BOARD OF TRADE,64297,16926,29004
2022-05-31,SOYBEAN OIL,SOYBEAN OIL - CHICAGO BOARD OF TRADE,79954,16525,36253
2022-05-31,SOYBEANS,SOYBEANS - CHICAGO BOARD OF TRADE,174663,14504,57213
2022-05-31,WHEAT,WHEAT-SRW - CHICAGO BOARD OF TRADE,88137,71458,43916
2022-06-07,CORN,CORN - CHICAGO BOARD OF TRADE,307876,68284,152161
2022-06-07,SOYBEAN MEAL,SOYBEAN MEAL - CHICAGO BOARD OF TRADE,65048,11741,30715
2022-06-07,SOYBEAN OIL,SOYBEAN OIL - CHICAGO BOARD OF TRADE,82559,14681,36861
2022-06-07,SOYBEANS,SOYBEANS - CHICAGO BOARD OF TRADE,168458,14804,61336
2022-06-07,WHEAT,WHEAT-SRW - CHICAGO BOARD OF TRADE,82385,68611,38662
2022-06-14,CORN,CORN - CHICAGO BOARD OF TRADE,311522,58282,123598
2022-06-14,SOYBEAN MEAL,SOYBEAN MEAL - CHICAGO BOARD OF TRADE,64313,11772,24072
2022-06-14,SOYBEAN OIL,SOYBEAN OIL - CHICAGO BOARD OF TRADE,79247,16899,30140
2022-06-14,SOYBEANS,SOYBEANS - CHICAGO BOARD OF TRADE,169958,11579,54166
2022-06-14,WHEAT,WHEAT-SRW - CHICAGO BOARD OF TRADE,77916,70953,32765
2022-06-21,CORN,CORN - CHICAGO BOARD OF TRADE,301168,59477,127144
2022-06-21,SOYBEAN MEAL,SOYBEAN MEAL - CHICAGO BOARD OF TRADE,69659,9878,25835
2022-06-21,SOYBEAN OIL,SOYBEAN OIL - CHICAGO BOARD OF TRADE,68304,17168,26818
2022-06-21,SOYBEANS,SOYBEANS - CHICAGO BOARD OF TRADE,164297,14981,52339
2022-06-21,WHEAT,WHEAT-SRW - CHICAGO BOARD OF TRADE,74338,71120,35290
2022-06-28,CORN,CORN - CHICAGO BOARD OF TRADE,263154,51221,117959
2022-06-28,SOYBEAN MEAL,SOYBEAN MEAL - CHICAGO BOARD OF TRADE,70274,8915,23315
2022-06-28,SOYBEAN OIL,SOYBEAN OIL - CHICAGO BOARD OF TRADE,57140,24007,25081
2022-06-28,SOYBEANS,SOYBEANS - CHICAGO BOARD OF TRADE,141235,18620,49313
2022-06-28,WHEAT,WHEAT-SRW - CHICAGO BOARD OF TRADE,67681,68850,32869
2022-07-05,CORN,CORN - CHICAGO BOARD OF TRADE,235802,77826,134865
2022-07-05,SOYBEAN MEAL,SOYBEAN MEAL - CHICAGO BOARD OF TRADE,74245,9060,25292
2022-07-05,SOYBEAN OIL,SOYBEAN OIL - CHICAGO BOARD OF TRADE,51108,26356,27594
2022-07-05,SOYBEANS,SOYBEANS - CHICAGO BOARD OF TRADE,130236,28539,50623
2022-07-05,WHEAT,WHEAT-SRW - CHICAGO BOARD OF TRADE,63597,65575,30798
2022-07-12,CORN,CORN - CHICAGO BOARD OF TRADE,213486,84962,137521
2022-07-12,SOYBEAN MEAL,SOYBEAN MEAL - CHICAGO BOARD OF TRADE,72849,5288,23556
2022-07-12,SOYBEAN OIL,SOYBEAN OIL - CHICAGO BOARD OF TRADE,44172,26344,30435
2022-07-12,SOYBEANS,SOYBEANS - CHICAGO BOARD OF TRADE,111266,20531,51563
2022-07-12,WHEAT,WHEAT-SRW - CHICAGO BOARD OF TRADE,56717,67151,30743
2022-07-19,CORN,CORN - CHICAGO BOARD OF TRADE,191567,88252,125650
2022-07-19,SOYBEAN MEAL,SOYBEAN MEAL - CHICAGO BOARD OF TRADE,73848,7361,24525
2022-07-19,SOYBEAN OIL,SOYBEAN OIL - CHICAGO BOARD OF TRADE,43444,25788,29635
2022-07-19,SOYBEANS,SOYBEANS - CHICAGO BOARD OF TRADE,102627,19557,53298
2022-07-19,WHEAT,WHEAT-SRW - CHICAGO BOARD OF TRADE,59955,71508,31734
2022-07-26,CORN,CORN - CHICAGO BOARD OF TRADE,191556,79772,131906
2022-07-26,SOYBEAN MEAL,SOYBEAN MEAL - CHICAGO BOARD OF TRADE,78427,6189,24097
2022-07-26,SOYBEAN OIL,SOYBEAN OIL - CHICAGO BOARD OF TRADE,43197,28671,30947
2022-07-26,SOYBEANS,SOYBEANS - CHICAGO BOARD OF TRADE,104602,18640,53337
2022-07-26,WHEAT,WHEAT-SRW - CHICAGO BOARD OF TRADE,60301,74828,37239
2022-08-02,CORN,CORN - CHICAGO BOARD OF TRADE,199417,81383,138482
2022-08-02,SOYBEAN MEAL,SOYBEAN MEAL - CHICAGO BOARD OF TRADE,83415,4252,24825
2022-08-02,SOYBEAN OIL,SOYBEAN OIL - CHICAGO BOARD OF TRADE,44334,22704,31422
2022-08-02,SOYBEANS,SOYBEANS - CHICAGO BOARD OF TRADE,111594,11551,53232
2022-08-02,WHEAT,WHEAT-SRW - CHICAGO BOARD OF TRADE,65114,84004,38692
2022-08-09,CORN,CORN - CHICAGO BOARD OF TRADE,210573,75810,127906
2022-08-09,SOYBEAN MEAL,SOYBEAN MEAL - CHICAGO BOARD OF TRADE,88293,5256,24761
2022-08-09,SOYBEAN OIL,SOYBEAN OIL - CHICAGO BOARD OF TRADE,45883,23981,38382
2022-08-09,SOYBEANS,SOYBEANS - CHICAGO BOARD OF TRADE,114484,12130,55470
2022-08-09,WHEAT,WHEAT-SRW - CHICAGO BOARD OF TRADE,64106,88187,38344
2022-08-16,CORN,CORN - CHICAGO BOARD OF TRADE,222057,79411,121868
2022-08-16,SOYBEAN MEAL,SOYBEAN MEAL - CHICAGO BOARD OF TRADE,93298,7604,24026
2022-08-16,SOYBEAN OIL,SOYBEAN OIL - CHICAGO BOARD OF TRADE,51507,18039,41021
2022-08-16,SOYBEANS,SOYBEANS - CHICAGO BOARD OF TRADE,113627,12125,59564
2022-08-16,WHEAT,WHEAT-SRW - CHICAGO BOARD OF TRADE,66960,88790,38352
2022-08-23,CORN,CORN - CHICAGO BOARD OF TRADE,234120,58593,119433
2022-08-23,SOYBEAN MEAL,SOYBEAN MEAL - CHICAGO BOARD OF TRADE,97051,3703,23214
2022-08-23,SOYBEAN OIL,SOYBEAN OIL - CHICAGO BOARD OF TRADE,57476,15093,44145
2022-08-23,SOYBEANS,SOYBEANS - CHICAGO BOARD OF TRADE,124157,12812,61021
2022-08-23,WHEAT,WHEAT-SRW - CHICAGO BOARD OF TRADE,63961,93192,41177
2022-08-30,CORN,CORN - CHICAGO BOARD OF TRADE,256197,50989,101198
2022-08-30,SOYBEAN MEAL,SOYBEAN MEAL - CHICAGO BOARD OF TRADE,96370,4035,20692
2022-08-30,SOYBEAN OIL,SOYBEAN OIL - CHICAGO BOARD OF TRADE,61232,12579,42760
2022-08-30,SOYBEANS,SOYBEANS - CHICAGO BOARD OF TRADE,121245,17096,54526
2022-08-30,WHEAT,WHEAT-SRW - CHICAGO BOARD OF TRADE,66659,90594,34240
2022-09-06,CORN,CORN - CHICAGO BOARD OF TRADE,259011,48780,107330
2022-09-06,SOYBEAN MEAL,SOYBEAN MEAL - CHICAGO BOARD OF TRADE,92583,11395,19305
2022-09-06,SOYBEAN OIL,SOYBEAN OIL - CHICAGO BOARD OF TRADE,60032,16380,43394
2022-09-06,SOYBEANS,SOYBEANS - CHICAGO BOARD OF TRADE,116494,16925,54090
2022-09-06,WHEAT,WHEAT-SRW - CHICAGO BOARD OF TRADE,64485,87919,35414
2022-09-13,CORN,CORN - CHICAGO BOARD OF TRADE,279069,51394,116520
2022-09-13,SOYBEAN MEAL,SOYBEAN MEAL - CHICAGO BOARD OF TRADE,95331,7978,18999
2022-09-13,SOYBEAN OIL,SOYBEAN OIL - CHICAGO BOARD OF TRADE,66891,11946,46213
2022-09-13,SOYBEANS,SOYBEANS - CHICAGO BOARD OF TRADE,127643,12882,60414
2022-09-13,WHEAT,WHEAT-SRW - CHICAGO BOARD OF TRADE,62316,84981,36048
2022-09-20,CORN,CORN - CHICAGO BOARD OF TRADE,286479,50287,123103
2022-09-20,SOYBEAN MEAL,SOYBEAN MEAL - CHICAGO BOARD OF TRADE,105270,4549,20211
2022-09-20,SOYBEAN OIL,SOYBEAN OIL - CHICAGO BOARD OF TRADE,68418,10495,50077
2022-09-20,SOYBEANS,SOYBEANS - CHICAGO BOARD OF TRADE,122949,15465,62842
2022-09-20,WHEAT,WHEAT-SRW - CHICAGO BOARD OF TRADE,62692,80831,39911
2022-09-27,CORN,CORN - CHICAGO BOARD OF TRADE,266517,42155,135977
2022-09-27,SOYBEAN MEAL,SOYBEAN MEAL - CHICAGO BOARD OF TRADE,100204,6658,23307
2022-09-27,SOYBEAN OIL,SOYBEAN OIL - CHICAGO BOARD OF TRADE,70318,11866,54760
2022-09-27,SOYBEANS,SOYBEANS - CHICAGO BOARD OF TRADE,109716,12953,68846
2022-09-27,WHEAT,WHEAT-SRW - CHICAGO BOARD OF TRADE,57398,73755,40599
2022-10-04,CORN,CORN - CHICAGO BOARD OF TRADE,262214,33393,139534
2022-10-04,SOYBEAN MEAL,SOYBEAN MEAL - CHICAGO BOARD OF TRADE,90737,11152,22864
2022-10-04,SOYBEAN OIL,SOYBEAN OIL - CHICAGO BOARD OF TRADE,72879,10008,56217
2022-10-04,SOYBEANS,SOYBEANS - CHICAGO BOARD OF TRADE,94815,17454,63262
2022-10-04,WHEAT,WHEAT-SRW - CHICAGO BOARD OF TRADE,53427,66115,42507
2022-10-11,CORN,CORN - CHICAGO BOARD OF TRADE,293077,38524,140406
2022-10-11,SOYBEAN MEAL,SOYBEAN MEAL - CHICAGO BOARD OF TRADE,84006,13722,22217
2022-10-11,SOYBEAN OIL,SOYBEAN OIL - CHICAGO BOARD OF TRADE,70814,9691,51564
2022-10-11,SOYBEANS,SOYBEANS - CHICAGO BOARD OF TRADE,87130,21524,63696
2022-10-11,WHEAT,WHEAT-SRW - CHICAGO BOARD OF TRADE,53147,73036,41028
2022-10-18,CORN,CORN - CHICAGO BOARD OF TRADE,283721,44363,148377
2022-10-18,SOYBEAN MEAL,SOYBEAN MEAL - CHICAGO BOARD OF TRADE,85268,14767,23648
2022-10-18,SOYBEAN OIL,SOYBEAN OIL - CHICAGO BOARD OF TRADE,83257,7939,52343
2022-10-18,SOYBEANS,SOYBEANS - CHICAGO BOARD OF TRADE,87884,21135,75537
2022-10-18,WHEAT,WHEAT-SRW - CHICAGO BOARD OF TRADE,52687,75707,40293
2022-10-25,CORN,CORN - CHICAGO BOARD OF TRADE,296158,47272,158444
2022-10-25,SOYBEAN MEAL,SOYBEAN MEAL - CHICAGO BOARD OF TRADE,96298,9833,28463
2022-10-25,SOYBEAN OIL,SOYBEAN OIL - CHICAGO BOARD OF TRADE,103968,8318,54606
2022-10-25,SOYBEANS,SOYBEANS - CHICAGO BOARD OF TRADE,94174,18639,60719
2022-10-25,WHEAT,WHEAT-SRW - CHICAGO BOARD OF TRADE,51705,88482,42288
2022-11-01,CORN,CORN - CHICAGO BOARD OF TRADE,307665,46153,164464
2022-11-01,SOYBEAN MEAL,SOYBEAN MEAL - CHICAGO BOARD OF TRADE,105620,10824,30453
2022-11-01,SOYBEAN OIL,SOYBEAN OIL - CHICAGO BOARD OF TRADE,109369,8943,57819
2022-11-01,SOYBEANS,SOYBEANS - CHICAGO BOARD OF TRADE,116757,14460,54200
2022-11-01,WHEAT,WHEAT-SRW - CHICAGO BOARD OF TRADE,56025,92730,45397
2022-11-08,CORN,CORN - CHICAGO BOARD OF TRADE,280700,58892,154230
2022-11-08,SOYBEAN MEAL,SOYBEAN MEAL - CHICAGO BOARD OF TRADE,106650,10184,31339
2022-11-08,SOYBEAN OIL,SOYBEAN OIL - CHICAGO BOARD OF TRADE,112668,6295,57963
2022-11-08,SOYBEANS,SOYBEANS - CHICAGO BOARD OF TRADE,117775,12403,55644
2022-11-08,WHEAT,WHEAT-SRW - CHICAGO BOARD OF TRADE,55368,98895,47346
2022-11-15,CORN,CORN - CHICAGO BOARD OF TRADE,229227,63380,144125
2022-11-15,SOYBEAN MEAL,SOYBEAN MEAL - CHICAGO BOARD OF TRADE,91024,14953,29629
2022-11-15,SOYBEAN OIL,SOYBEAN OIL - CHICAGO BOARD OF TRADE,116454,5360,57621
2022-11-15,SOYBEANS,SOYBEANS - CHICAGO BOARD OF TRADE,112070,16491,57389
2022-11-15,WHEAT,WHEAT-SRW - CHICAGO BOARD OF TRADE,53170,100792,52199
2022-11-22,CORN,CORN - CHICAGO BOARD OF TRADE,217181,60446,126223
2022-11-22,SOYBEAN MEAL,SOYBEAN MEAL - CHICAGO BOARD OF TRADE,88552,16520,29255
2022-11-22,SOYBEAN OIL,SOYBEAN OIL - CHICAGO BOARD OF TRADE,110144,9242,60145
2022-11-22,SOYBEANS,SOYBEANS - CHICAGO BOARD OF TRADE,104981,21145,63924
2022-11-22,WHEAT,WHEAT-SRW - CHICAGO BOARD OF TRADE,53298,109142,45664
2022-11-29,CORN,CORN - CHICAGO BOARD OF TRADE,243675,49686,102239
2022-11-29,SOYBEAN MEAL,SOYBEAN MEAL - CHICAGO BOARD OF TRADE,90430,15742,28436
2022-11-29,SOYBEAN OIL,SOYBEAN OIL - CHICAGO BOARD OF TRADE,114698,10682,60595
2022-11-29,SOYBEANS,SOYBEANS - CHICAGO BOARD OF TRADE,121009,17813,61823
2022-11-29,WHEAT,WHEAT-SRW - CHICAGO BOARD OF TRADE,54209,107267,42015
2022-12-06,CORN,CORN - CHICAGO BOARD OF TRADE,195226,76037,111064
2022-12-06,SOYBEAN MEAL,SOYBEAN MEAL - CHICAGO BOARD OF TRADE,107168,8509,29469
2022-12-06,SOYBEAN OIL,SOYBEAN OIL - CHICAGO BOARD OF TRADE,81660,20800,57645
2022-12-06,SOYBEANS,SOYBEANS - CHICAGO BOARD OF TRADE,128378,27623,59001
2022-12-06,WHEAT,WHEAT-SRW - CHICAGO BOARD OF TRADE,57622,120720,49590
2022-12-13,CORN,CORN - CHICAGO BOARD OF TRADE,194077,66451,116886
2022-12-13,SOYBEAN MEAL,SOYBEAN MEAL - CHICAGO BOARD OF TRADE,119372,3763,23969
2022-12-13,SOYBEAN OIL,SOYBEAN OIL - CHICAGO BOARD OF TRADE,71004,20315,49457
2022-12-13,SOYBEANS,SOYBEANS - CHICAGO BOARD OF TRADE,142109,21657,54798
2022-12-13,WHEAT,WHEAT-SRW - CHICAGO BOARD OF TRADE,58803,121896,50620
2022-12-20,CORN,CORN - CHICAGO BOARD OF TRADE,182194,68640,117351
2022-12-20,SOYBEAN MEAL,SOYBEAN MEAL - CHICAGO BOARD OF TRADE,125461,3060,26180
2022-12-20,SOYBEAN OIL,SOYBEAN OIL - CHICAGO BOARD OF TRADE,71049,15975,47581
2022-12-20,SOYBEANS,SOYBEANS - CHICAGO BOARD OF TRADE,145970,19244,51913
2022-12-20,WHEAT,WHEAT-SRW - CHICAGO BOARD OF TRADE,56250,116017,55419
2022-12-27,CORN,CORN - CHICAGO BOARD OF TRADE,219730,56064,111864
2022-12-27,SOYBEAN MEAL,SOYBEAN MEAL - CHICAGO BOARD OF TRADE,133956,3640,27137
2022-12-27,SOYBEAN OIL,SOYBEAN OIL - CHICAGO BOARD OF TRADE,74163,12081,42699
2022-12-27,SOYBEANS,SOYBEANS - CHICAGO BOARD OF TRADE,148868,19624,43750
2022-12-27,WHEAT,WHEAT-SRW - CHICAGO BOARD OF TRADE,55058,111303,55346
2023-01-03,CORN,CORN - CHICAGO BOARD OF TRADE,248234,48280,119690
2023-01-03,SOYBEAN MEAL,SOYBEAN MEAL - CHICAGO BOARD OF TRADE,144647,2228,31339
2023-01-03,SOYBEAN OIL,SOYBEAN OIL - CHICAGO BOARD OF TRADE,74431,14005,42791
2023-01-03,SOYBEANS,SOYBEANS - CHICAGO BOARD OF TRADE,163906,21042,47574
2023-01-03,WHEAT,WHEAT-SRW - CHICAGO BOARD OF TRADE,54220,107040,55160
2023-01-10,CORN,CORN - CHICAGO BOARD OF TRADE,213800,64135,114398
2023-01-10,SOYBEAN MEAL,SOYBEAN MEAL - CHICAGO BOARD OF TRADE,146039,2420,35829
2023-01-10,SOYBEAN OIL,SOYBEAN OIL - CHICAGO BOARD OF TRADE,65527,14574,40151
2023-01-10,SOYBEANS,SOYBEANS - CHICAGO BOARD OF TRADE,155310,22663,50892
2023-01-10,WHEAT,WHEAT-SRW - CHICAGO BOARD OF TRADE,53450,116081,55018
2023-01-17,CORN,CORN - CHICAGO BOARD OF TRADE,260234,61369,108600
2023-01-17,SOYBEAN MEAL,SOYBEAN MEAL - CHICAGO BOARD OF TRADE,154870,2467,38434
2023-01-17,SOYBEAN OIL,SOYBEAN OIL - CHICAGO BOARD OF TRADE,64772,14745,37646
2023-01-17,SOYBEANS,SOYBEANS - CHICAGO BOARD OF TRADE,185361,16981,52095
2023-01-17,WHEAT,WHEAT-SRW - CHICAGO BOARD OF TRADE,53281,117922,60052
2023-01-24,CORN,CORN - CHICAGO BOARD OF TRADE,269201,65695,116382
2023-01-24,SOYBEAN MEAL,SOYBEAN MEAL - CHICAGO BOARD OF TRADE,144524,7800,42125
2023-01-24,SOYBEAN OIL,SOYBEAN OIL - CHICAGO BOARD OF TRADE,55888,23242,46557
2023-01-24,SOYBEANS,SOYBEANS - CHICAGO BOARD OF TRADE,171256,23618,64278
2023-01-24,WHEAT,WHEAT-SRW - CHICAGO BOARD OF TRADE,52549,126351,65966
2023-01-31,CORN,CORN - CHICAGO BOARD OF TRADE,286885,67658,127555
2023-01-31,SOYBEAN MEAL,SOYBEAN MEAL - CHICAGO BOARD OF TRADE,148872,6050,40668
2023-01-31,SOYBEAN OIL,SOYBEAN OIL - CHICAGO BOARD OF TRADE,53902,25880,51744
2023-01-31,SOYBEANS,SOYBEANS - CHICAGO BOARD OF TRADE,193064,17832,61078
2023-01-31,WHEAT,WHEAT-SRW - CHICAGO BOARD OF TRADE,54550,118705,70653
2023-02-07,CORN,CORN - CHICAGO BOARD OF TRADE,284351,86222,123935
2023-02-07,SOYBEAN MEAL,SOYBEAN MEAL - CHICAGO BOARD OF TRADE,150789,6497,40054
2023-02-07,SOYBEAN OIL,SOYBEAN OIL - CHICAGO BOARD OF TRADE,52900,33716,58499
2023-02-07,SOYBEANS,SOYBEANS - CHICAGO BOARD OF TRADE,187487,21580,57929
2023-02-07,WHEAT,WHEAT-SRW - CHICAGO BOARD OF TRADE,51926,124014,68730
2023-02-14,CORN,CORN - CHICAGO BOARD OF TRADE,311076,77278,134961
2023-02-14,SOYBEAN MEAL,SOYBEAN MEAL - CHICAGO BOARD OF TRADE,158614,4426,31081
2023-02-14,SOYBEAN OIL,SOYBEAN OIL - CHICAGO BOARD OF TRADE,54357,35381,62790
2023-02-14,SOYBEANS,SOYBEANS - CHICAGO BOARD OF TRADE,198281,16333,55073
2023-02-14,WHEAT,WHEAT-SRW - CHICAGO BOARD OF TRADE,51386,113094,72482
2023-02-21,CORN,CORN - CHICAGO BOARD OF TRADE,296041,78751,130885
2023-02-21,SOYBEAN MEAL,SOYBEAN MEAL - CHICAGO BOARD OF TRADE,161149,5352,29432
2023-02-21,SOYBEAN OIL,SOYBEAN OIL - CHICAGO BOARD OF TRADE,61371,30000,57648
2023-02-21,SOYBEANS,SOYBEANS - CHICAGO BOARD OF TRADE,201091,14054,54974
2023-02-21,WHEAT,WHEAT-SRW - CHICAGO BOARD OF TRADE,49665,123865,57858
2023-02-28,CORN,CORN - CHICAGO BOARD OF TRADE,213046,146696,127947
2023-02-28,SOYBEAN MEAL,SOYBEAN MEAL - CHICAGO BOARD OF TRADE,149704,10256,31432
2023-02-28,SOYBEAN OIL,SOYBEAN OIL - CHICAGO BOARD OF TRADE,57503,32059,58495
2023-02-28,SOYBEANS,SOYBEANS - CHICAGO BOARD OF TRADE,159302,28773,56970
2023-02-28,WHEAT,WHEAT-SRW - CHICAGO BOARD OF TRADE,50358,144162,53179
2023-03-07,CORN,CORN - CHICAGO BOARD OF TRADE,196754,181157,131576
2023-03-07,SOYBEAN MEAL,SOYBEAN MEAL - CHICAGO BOARD OF TRADE,164745,10531,32590
2023-03-07,SOYBEAN OIL,SOYBEAN OIL - CHICAGO BOARD OF TRADE,55782,37552,57122
2023-03-07,SOYBEANS,SOYBEANS - CHICAGO BOARD OF TRADE,173671,19047,63951
2023-03-07,WHEAT,WHEAT-SRW - CHICAGO BOARD OF TRADE,56212,159344,54052
2023-03-14,CORN,CORN - CHICAGO BOARD OF TRADE,172256,232160,140023
2023-03-14,SOYBEAN MEAL,SOYBEAN MEAL - CHICAGO BOARD OF TRADE,148859,15580,32656
2023-03-14,SOYBEAN OIL,SOYBEAN OIL - CHICAGO BOARD OF TRADE,51096,54415,60624
2023-03-14,SOYBEANS,SOYBEANS - CHICAGO BOARD OF TRADE,146732,19386,74583
2023-03-14,WHEAT,WHEAT-SRW - CHICAGO BOARD OF TRADE,59800,157852,63886
2023-03-21,CORN,CORN - CHICAGO BOARD OF TRADE,181845,227741,147383
2023-03-21,SOYBEAN MEAL,SOYBEAN MEAL - CHICAGO BOARD OF TRADE,129396,14733,39282
2023-03-21,SOYBEAN OIL,SOYBEAN OIL - CHICAGO BOARD OF TRADE,49581,57812,56549
2023-03-21,SOYBEANS,SOYBEANS - CHICAGO BOARD OF TRADE,134040,23086,74186
2023-03-21,WHEAT,WHEAT-SRW - CHICAGO BOARD OF TRADE,60505,149518,70882
2023-03-28,CORN,CORN - CHICAGO BOARD OF TRADE,185631,199068,154076
2023-03-28,SOYBEAN MEAL,SOYBEAN MEAL - CHICAGO BOARD OF TRADE,112367,16082,42501
2023-03-28,SOYBEAN OIL,SOYBEAN OIL - CHICAGO BOARD OF TRADE,43428,57945,61053
2023-03-28,SOYBEANS,SOYBEANS - CHICAGO BOARD OF TRADE,124836,26432,79731
2023-03-28,WHEAT,WHEAT-SRW - CHICAGO BOARD OF TRADE,55029,147689,71997
2023-04-04,CORN,CORN - CHICAGO BOARD OF TRADE,200597,176019,139809
2023-04-04,SOYBEAN MEAL,SOYBEAN MEAL - CHICAGO BOARD OF TRADE,111676,15191,47976
2023-04-04,SOYBEAN OIL,SOYBEAN OIL - CHICAGO BOARD OF TRADE,44161,56553,66368
2023-04-04,SOYBEANS,SOYBEANS - CHICAGO BOARD OF TRADE,158658,13359,75629
2023-04-04,WHEAT,WHEAT-SRW - CHICAGO BOARD OF TRADE,54649,144399,69862
2023-04-11,CORN,CORN - CHICAGO BOARD OF TRADE,211778,182893,127248
2023-04-11,SOYBEAN MEAL,SOYBEAN MEAL - CHICAGO BOARD OF TRADE,110027,13992,47670
2023-04-11,SOYBEAN OIL,SOYBEAN OIL - CHICAGO BOARD OF TRADE,44813,58993,59658
2023-04-11,SOYBEANS,SOYBEANS - CHICAGO BOARD OF TRADE,143243,18544,71006
2023-04-11,WHEAT,WHEAT-SRW - CHICAGO BOARD OF TRADE,55123,161487,67124
2023-04-18,CORN,CORN - CHICAGO BOARD OF TRADE,225174,167475,109419
2023-04-18,SOYBEAN MEAL,SOYBEAN MEAL - CHICAGO BOARD OF TRADE,121530,15427,52613
2023-04-18,SOYBEAN OIL,SOYBEAN OIL - CHICAGO BOARD OF TRADE,44168,61677,53604
2023-04-18,SOYBEANS,SOYBEANS - CHICAGO BOARD OF TRADE,154308,18678,58798
2023-04-18,WHEAT,WHEAT-SRW - CHICAGO BOARD OF TRADE,58953,164239,59052
2023-04-25,CORN,CORN - CHICAGO BOARD OF TRADE,190550,200609,106771
2023-04-25,SOYBEAN MEAL,SOYBEAN MEAL - CHICAGO BOARD OF TRADE,107816,20933,53945
2023-04-25,SOYBEAN OIL,SOYBEAN OIL - CHICAGO BOARD OF TRADE,48176,68368,47679
2023-04-25,SOYBEANS,SOYBEANS - CHICAGO BOARD OF TRADE,115735,28603,64084
2023-04-25,WHEAT,WHEAT-SRW - CHICAGO BOARD OF TRADE,57472,171635,60464
2023-05-02,CORN,CORN - CHICAGO BOARD OF TRADE,154487,266271,111059
2023-05-02,SOYBEAN MEAL,SOYBEAN MEAL - CHICAGO BOARD OF TRADE,83825,22849,64256
2023-05-02,SOYBEAN OIL,SOYBEAN OIL - CHICAGO BOARD OF TRADE,52607,77331,52124
2023-05-02,SOYBEANS,SOYBEANS - CHICAGO BOARD OF TRADE,106508,51518,58793
2023-05-02,WHEAT,WHEAT-SRW - CHICAGO BOARD OF TRADE,57671,185527,64033
2023-05-09,CORN,CORN - CHICAGO BOARD OF TRADE,162025,266530,110232
2023-05-09,SOYBEAN MEAL,SOYBEAN MEAL - CHICAGO BOARD OF TRADE,84673,22687,68285
2023-05-09,SOYBEAN OIL,SOYBEAN OIL - CHICAGO BOARD OF TRADE,57893,72909,58400
2023-05-09,SOYBEANS,SOYBEANS - CHICAGO BOARD OF TRADE,106429,56666,59522
2023-05-09,WHEAT,WHEAT-SRW - CHICAGO BOARD OF TRADE,57770,177419,64260
2023-05-16,CORN,CORN - CHICAGO BOARD OF TRADE,172849,260510,102148
2023-05-16,SOYBEAN MEAL,SOYBEAN MEAL - CHICAGO BOARD OF TRADE,95221,16602,75107
2023-05-16,SOYBEAN OIL,SOYBEAN OIL - CHICAGO BOARD OF TRADE,50252,86754,68547
2023-05-16,SOYBEANS,SOYBEANS - CHICAGO BOARD OF TRADE,100504,78686,66099
2023-05-16,WHEAT,WHEAT-SRW - CHICAGO BOARD OF TRADE,60151,175625,67708
2023-05-23,CORN,CORN - CHICAGO BOARD OF TRADE,172929,270578,104518
2023-05-23,SOYBEAN MEAL,SOYBEAN MEAL - CHICAGO BOARD OF TRADE,93648,20516,80598
2023-05-23,SOYBEAN OIL,SOYBEAN OIL - CHICAGO BOARD OF TRADE,49928,88677,74889
2023-05-23,SOYBEANS,SOYBEANS - CHICAGO BOARD OF TRADE,85902,85192,69790
2023-05-23,WHEAT,WHEAT-SRW - CHICAGO BOARD OF TRADE,60894,181947,69756
2023-05-30,CORN,CORN - CHICAGO BOARD OF TRADE,176111,222957,107901
2023-05-30,SOYBEAN MEAL,SOYBEAN MEAL - CHICAGO BOARD OF TRADE,79450,20121,88087
2023-05-30,SOYBEAN OIL,SOYBEAN OIL - CHICAGO BOARD OF TRADE,47735,88035,76072
2023-05-30,SOYBEANS,SOYBEANS - CHICAGO BOARD OF TRADE,79311,77073,64978
2023-05-30,WHEAT,WHEAT-SRW - CHICAGO BOARD OF TRADE,57391,184425,69427
2023-06-06,CORN,CORN - CHICAGO BOARD OF TRADE,166101,210647,123788
2023-06-06,SOYBEAN MEAL,SOYBEAN MEAL - CHICAGO BOARD OF TRADE,86165,20515,92870
2023-06-06,SOYBEAN OIL,SOYBEAN OIL - CHICAGO BOARD OF TRADE,52885,72083,71221
2023-06-06,SOYBEANS,SOYBEANS - CHICAGO BOARD OF TRADE,84268,70316,59702
2023-06-06,WHEAT,WHEAT-SRW - CHICAGO BOARD OF TRADE,59209,181489,65876
2023-06-13,CORN,CORN - CHICAGO BOARD OF TRADE,174652,172797,139006
2023-06-13,SOYBEAN MEAL,SOYBEAN MEAL - CHICAGO BOARD OF TRADE,81666,21730,97432
2023-06-13,SOYBEAN OIL,SOYBEAN OIL - CHICAGO BOARD OF TRADE,55420,46570,71452
2023-06-13,SOYBEANS,SOYBEANS - CHICAGO BOARD OF TRADE,101446,51635,59224
2023-06-13,WHEAT,WHEAT-SRW - CHICAGO BOARD OF TRADE,59936,176483,64931
2023-06-20,CORN,CORN - CHICAGO BOARD OF TRADE,221039,154978,134942
2023-06-20,SOYBEAN MEAL,SOYBEAN MEAL - CHICAGO BOARD OF TRADE,80400,17248,92462
2023-06-20,SOYBEAN OIL,SOYBEAN OIL - CHICAGO BOARD OF TRADE,58014,27455,65897
2023-06-20,SOYBEANS,SOYBEANS - CHICAGO BOARD OF TRADE,117577,34164,57388
2023-06-20,WHEAT,WHEAT-SRW - CHICAGO BOARD OF TRADE,58381,148820,58262
2023-06-27,CORN,CORN - CHICAGO BOARD OF TRADE,188486,121725,148475
2023-06-27,SOYBEAN MEAL,SOYBEAN MEAL - CHICAGO BOARD OF TRADE,76899,18118,92855
2023-06-27,SOYBEAN OIL,SOYBEAN OIL - CHICAGO BOARD OF TRADE,63036,21314,59088
2023-06-27,SOYBEANS,SOYBEANS - CHICAGO BOARD OF TRADE,131435,32372,53511
2023-06-27,WHEAT,WHEAT-SRW - CHICAGO BOARD OF TRADE,58161,113090,42628
2023-07-03,CORN,CORN - CHICAGO BOARD OF TRADE,161939,169298,161003
2023-07-03,SOYBEAN MEAL,SOYBEAN MEAL - CHICAGO BOARD OF TRADE,72343,19753,97081
2023-07-03,SOYBEAN OIL,SOYBEAN OIL - CHICAGO BOARD OF TRADE,66174,20939,58488
2023-07-03,SOYBEANS,SOYBEANS - CHICAGO BOARD OF TRADE,126691,36498,60533
2023-07-03,WHEAT,WHEAT-SRW - CHICAGO BOARD OF TRADE,58873,115272,43809
2023-07-11,CORN,CORN - CHICAGO BOARD OF TRADE,154200,210367,166048
2023-07-11,SOYBEAN MEAL,SOYBEAN MEAL - CHICAGO BOARD OF TRADE,71968,17955,96054
2023-07-11,SOYBEAN OIL,SOYBEAN OIL - CHICAGO BOARD OF TRADE,72174,20836,57969
2023-07-11,SOYBEANS,SOYBEANS - CHICAGO BOARD OF TRADE,124246,40002,63338
2023-07-11,WHEAT,WHEAT-SRW - CHICAGO BOARD OF TRADE,56379,110788,48872
2023-07-18,CORN,CORN - CHICAGO BOARD OF TRADE,152673,198823,179060
2023-07-18,SOYBEAN MEAL,SOYBEAN MEAL - CHICAGO BOARD OF TRADE,75039,17238,89191
2023-07-18,SOYBEAN OIL,SOYBEAN OIL - CHICAGO BOARD OF TRADE,70667,23965,59468
2023-07-18,SOYBEANS,SOYBEANS - CHICAGO BOARD OF TRADE,131863,36893,70923
2023-07-18,WHEAT,WHEAT-SRW - CHICAGO BOARD OF TRADE,57247,114256,51168
2023-07-25,CORN,CORN - CHICAGO BOARD OF TRADE,180113,155059,158746
2023-07-25,SOYBEAN MEAL,SOYBEAN MEAL - CHICAGO BOARD OF TRADE,86462,17890,80384
2023-07-25,SOYBEAN OIL,SOYBEAN OIL - CHICAGO BOARD OF TRADE,80466,25043,58760
2023-07-25,SOYBEANS,SOYBEANS - CHICAGO BOARD OF TRADE,142159,30375,69551
2023-07-25,WHEAT,WHEAT-SRW - CHICAGO BOARD OF TRADE,57876,99985,50503
2023-08-01,CORN,CORN - CHICAGO BOARD OF TRADE,188722,176047,153840
2023-08-01,SOYBEAN MEAL,SOYBEAN MEAL - CHICAGO BOARD OF TRADE,88144,19599,78881
2023-08-01,SOYBEAN OIL,SOYBEAN OIL - CHICAGO BOARD OF TRADE,80217,28976,55923
2023-08-01,SOYBEANS,SOYBEANS - CHICAGO BOARD OF TRADE,123434,33118,67945
2023-08-01,WHEAT,WHEAT-SRW - CHICAGO BOARD OF TRADE,57652,114672,52663
2023-08-08,CORN,CORN - CHICAGO BOARD OF TRADE,180074,213127,153612
2023-08-08,SOYBEAN MEAL,SOYBEAN MEAL - CHICAGO BOARD OF TRADE,83488,15437,78105
2023-08-08,SOYBEAN OIL,SOYBEAN OIL - CHICAGO BOARD OF TRADE,75956,28182,59778
2023-08-08,SOYBEANS,SOYBEANS - CHICAGO BOARD OF TRADE,102379,39402,62497
2023-08-08,WHEAT,WHEAT-SRW - CHICAGO BOARD OF TRADE,57412,119557,56681
2023-08-15,CORN,CORN - CHICAGO BOARD OF TRADE,168408,255032,157527
2023-08-15,SOYBEAN MEAL,SOYBEAN MEAL - CHICAGO BOARD OF TRADE,75824,19277,82274
2023-08-15,SOYBEAN OIL,SOYBEAN OIL - CHICAGO BOARD OF TRADE,75735,27291,62341
2023-08-15,SOYBEANS,SOYBEANS - CHICAGO BOARD OF TRADE,92768,43578,73486
2023-08-15,WHEAT,WHEAT-SRW - CHICAGO BOARD OF TRADE,56429,130864,67790
2023-08-22,CORN,CORN - CHICAGO BOARD OF TRADE,161136,282748,162928
2023-08-22,SOYBEAN MEAL,SOYBEAN MEAL - CHICAGO BOARD OF TRADE,74066,21587,80352
2023-08-22,SOYBEAN OIL,SOYBEAN OIL - CHICAGO BOARD OF TRADE,84886,28971,62677
2023-08-22,SOYBEANS,SOYBEANS - CHICAGO BOARD OF TRADE,97524,43241,82007
2023-08-22,WHEAT,WHEAT-SRW - CHICAGO BOARD OF TRADE,56808,136815,71095
2023-08-29,CORN,CORN - CHICAGO BOARD OF TRADE,168277,259408,137736
2023-08-29,SOYBEAN MEAL,SOYBEAN MEAL - CHICAGO BOARD OF TRADE,83010,10287,80295
2023-08-29,SOYBEAN OIL,SOYBEAN OIL - CHICAGO BOARD OF TRADE,87238,27778,61489
2023-08-29,SOYBEANS,SOYBEANS - CHICAGO BOARD OF TRADE,118276,33384,84360
2023-08-29,WHEAT,WHEAT-SRW - CHICAGO BOARD OF TRADE,57152,140960,69188
2023-09-05,CORN,CORN - CHICAGO BOARD OF TRADE,177439,273627,160229
2023-09-05,SOYBEAN MEAL,SOYBEAN MEAL - CHICAGO BOARD OF TRADE,77479,12481,90431
2023-09-05,SOYBEAN OIL,SOYBEAN OIL - CHICAGO BOARD OF TRADE,85605,29109,59763
2023-09-05,SOYBEANS,SOYBEANS - CHICAGO BOARD OF TRADE,114348,37871,90264
2023-09-05,WHEAT,WHEAT-SRW - CHICAGO BOARD OF TRADE,60573,143716,78868
2023-09-12,CORN,CORN - CHICAGO BOARD OF TRADE,162065,300228,184874
2023-09-12,SOYBEAN MEAL,SOYBEAN MEAL - CHICAGO BOARD OF TRADE,76466,14370,82245
2023-09-12,SOYBEAN OIL,SOYBEAN OIL - CHICAGO BOARD OF TRADE,74956,32455,72271
2023-09-12,SOYBEANS,SOYBEANS - CHICAGO BOARD OF TRADE,110244,42769,102970
2023-09-12,WHEAT,WHEAT-SRW - CHICAGO BOARD OF TRADE,61767,150999,84891
2023-09-19,CORN,CORN - CHICAGO BOARD OF TRADE,169624,319079,183858
2023-09-19,SOYBEAN MEAL,SOYBEAN MEAL - CHICAGO BOARD OF TRADE,68956,12951,75386
2023-09-19,SOYBEAN OIL,SOYBEAN OIL - CHICAGO BOARD OF TRADE,74716,27162,75341
2023-09-19,SOYBEANS,SOYBEANS - CHICAGO BOARD OF TRADE,88139,49725,111876
2023-09-19,WHEAT,WHEAT-SRW - CHICAGO BOARD OF TRADE,63148,167100,85735
2023-09-26,CORN,CORN - CHICAGO BOARD OF TRADE,168180,334848,184947
2023-09-26,SOYBEAN MEAL,SOYBEAN MEAL - CHICAGO BOARD OF TRADE,74328,13243,73517
2023-09-26,SOYBEAN OIL,SOYBEAN OIL - CHICAGO BOARD OF TRADE,66279,29448,72030
2023-09-26,SOYBEANS,SOYBEANS - CHICAGO BOARD OF TRADE,80290,54360,112084
2023-09-26,WHEAT,WHEAT-SRW - CHICAGO BOARD OF TRADE,66272,168689,93291
2023-10-03,CORN,CORN - CHICAGO BOARD OF TRADE,169275,324902,190045
2023-10-03,SOYBEAN MEAL,SOYBEAN MEAL - CHICAGO BOARD OF TRADE,71234,28580,81728
2023-10-03,SOYBEAN OIL,SOYBEAN OIL - CHICAGO BOARD OF TRADE,67521,24536,69238
2023-10-03,SOYBEANS,SOYBEANS - CHICAGO BOARD OF TRADE,68267,65880,114903
2023-10-03,WHEAT,WHEAT-SRW - CHICAGO BOARD OF TRADE,66128,171752,95355
2023-10-10,CORN,CORN - CHICAGO BOARD OF TRADE,177938,288387,183088
2023-10-10,SOYBEAN MEAL,SOYBEAN MEAL - CHICAGO BOARD OF TRADE,67856,33884,77295
2023-10-10,SOYBEAN OIL,SOYBEAN OIL - CHICAGO BOARD OF TRADE,61194,33733,67396
2023-10-10,SOYBEANS,SOYBEANS - CHICAGO BOARD OF TRADE,67247,70432,114698
2023-10-10,WHEAT,WHEAT-SRW - CHICAGO BOARD OF TRADE,62727,172974,92304
2023-10-17,CORN,CORN - CHICAGO BOARD OF TRADE,180408,285980,192740
2023-10-17,SOYBEAN MEAL,SOYBEAN MEAL - CHICAGO BOARD OF TRADE,77906,25740,78482
2023-10-17,SOYBEAN OIL,SOYBEAN OIL - CHICAGO BOARD OF TRADE,57566,35715,75812
2023-10-17,SOYBEANS,SOYBEANS - CHICAGO BOARD OF TRADE,69982,73394,107709
2023-10-17,WHEAT,WHEAT-SRW - CHICAGO BOARD OF TRADE,63002,173954,94289
2023-10-24,CORN,CORN - CHICAGO BOARD OF TRADE,174629,274151,190633
2023-10-24,SOYBEAN MEAL,SOYBEAN MEAL - CHICAGO BOARD OF TRADE,102346,9766,75726
2023-10-24,SOYBEAN OIL,SOYBEAN OIL - CHICAGO BOARD OF TRADE,57783,44887,82014
2023-10-24,SOYBEANS,SOYBEANS - CHICAGO BOARD OF TRADE,74133,67316,103289
2023-10-24,WHEAT,WHEAT-SRW - CHICAGO BOARD OF TRADE,70624,168334,96543
2023-10-31,CORN,CORN - CHICAGO BOARD OF TRADE,164307,311448,199990
2023-10-31,SOYBEAN MEAL,SOYBEAN MEAL - CHICAGO BOARD OF TRADE,119057,11967,73928
2023-10-31,SOYBEAN OIL,SOYBEAN OIL - CHICAGO BOARD OF TRADE,59861,54692,83798
2023-10-31,SOYBEANS,SOYBEANS - CHICAGO BOARD OF TRADE,79383,56260,99955
2023-10-31,WHEAT,WHEAT-SRW - CHICAGO BOARD OF TRADE,69372,178209,105680
2023-11-07,CORN,CORN - CHICAGO BOARD OF TRADE,152573,328638,205553
2023-11-07,SOYBEAN MEAL,SOYBEAN MEAL - CHICAGO BOARD OF TRADE,120622,8014,65441
2023-11-07,SOYBEAN OIL,SOYBEAN OIL - CHICAGO BOARD OF TRADE,57222,67160,88277
2023-11-07,SOYBEANS,SOYBEANS - CHICAGO BOARD OF TRADE,110041,38268,100618
2023-11-07,WHEAT,WHEAT-SRW - CHICAGO BOARD OF TRADE,77261,177463,96979
2023-11-14,CORN,CORN - CHICAGO BOARD OF TRADE,163701,338344,208233
2023-11-14,SOYBEAN MEAL,SOYBEAN MEAL - CHICAGO BOARD OF TRADE,139445,6731,68853
2023-11-14,SOYBEAN OIL,SOYBEAN OIL - CHICAGO BOARD OF TRADE,61909,68648,87037
2023-11-14,SOYBEANS,SOYBEANS - CHICAGO BOARD OF TRADE,129591,34353,104499
2023-11-14,WHEAT,WHEAT-SRW - CHICAGO BOARD OF TRADE,74884,172335,82893
2023-11-21,CORN,CORN - CHICAGO BOARD OF TRADE,161120,362910,183285
2023-11-21,SOYBEAN MEAL,SOYBEAN MEAL - CHICAGO BOARD OF TRADE,147469,8344,78375
2023-11-21,SOYBEAN OIL,SOYBEAN OIL - CHICAGO BOARD OF TRADE,61760,65091,81492
2023-11-21,SOYBEANS,SOYBEANS - CHICAGO BOARD OF TRADE,121835,36013,106972
2023-11-21,WHEAT,WHEAT-SRW - CHICAGO BOARD OF TRADE,75600,193017,79498
2023-11-28,CORN,CORN - CHICAGO BOARD OF TRADE,155932,367955,166423
2023-11-28,SOYBEAN MEAL,SOYBEAN MEAL - CHICAGO BOARD OF TRADE,149931,10753,76504
2023-11-28,SOYBEAN OIL,SOYBEAN OIL - CHICAGO BOARD OF TRADE,58602,63468,79024
2023-11-28,SOYBEANS,SOYBEANS - CHICAGO BOARD OF TRADE,112278,41127,99546
2023-11-28,WHEAT,WHEAT-SRW - CHICAGO BOARD OF TRADE,74109,198176,65621
2023-12-05,CORN,CORN - CHICAGO BOARD OF TRADE,181404,338232,173620
2023-12-05,SOYBEAN MEAL,SOYBEAN MEAL - CHICAGO BOARD OF TRADE,136500,12830,66694
2023-12-05,SOYBEAN OIL,SOYBEAN OIL - CHICAGO BOARD OF TRADE,51424,70017,78209
2023-12-05,SOYBEANS,SOYBEANS - CHICAGO BOARD OF TRADE,89877,52145,92247
2023-12-05,WHEAT,WHEAT-SRW - CHICAGO BOARD OF TRADE,75574,176106,62471
2023-12-12,CORN,CORN - CHICAGO BOARD OF TRADE,175122,324777,170635
2023-12-12,SOYBEAN MEAL,SOYBEAN MEAL - CHICAGO BOARD OF TRADE,113411,16063,56038
2023-12-12,SOYBEAN OIL,SOYBEAN OIL - CHICAGO BOARD OF TRADE,47406,70505,77816
2023-12-12,SOYBEANS,SOYBEANS - CHICAGO BOARD OF TRADE,81782,50035,96351
2023-12-12,WHEAT,WHEAT-SRW - CHICAGO BOARD OF TRADE,68266,139376,57311
2023-12-19,CORN,CORN - CHICAGO BOARD OF TRADE,169272,351630,161700
2023-12-19,SOYBEAN MEAL,SOYBEAN MEAL - CHICAGO BOARD OF TRADE,101590,21734,57542
2023-12-19,SOYBEAN OIL,SOYBEAN OIL - CHICAGO BOARD OF TRADE,44009,76232,75662
2023-12-19,SOYBEANS,SOYBEANS - CHICAGO BOARD OF TRADE,71506,61020,99245
2023-12-19,WHEAT,WHEAT-SRW - CHICAGO BOARD OF TRADE,60943,127819,63395
2023-12-26,CORN,CORN - CHICAGO BOARD OF TRADE,173446,345461,177894
2023-12-26,SOYBEAN MEAL,SOYBEAN MEAL - CHICAGO BOARD OF TRADE,91450,27046,58637
2023-12-26,SOYBEAN OIL,SOYBEAN OIL - CHICAGO BOARD OF TRADE,41698,91120,77174
2023-12-26,SOYBEANS,SOYBEANS - CHICAGO BOARD OF TRADE,68851,57354,94601
2023-12-26,WHEAT,WHEAT-SRW - CHICAGO BOARD OF TRADE,64568,125284,69504
2024-01-02,CORN,CORN - CHICAGO BOARD OF TRADE,161734,362683,196212
2024-01-02,SOYBEAN MEAL,SOYBEAN MEAL - CHICAGO BOARD OF TRADE,87089,38382,55287
2024-01-02,SOYBEAN OIL,SOYBEAN OIL - CHICAGO BOARD OF TRADE,47293,97527,84403
2024-01-02,SOYBEANS,SOYBEANS - CHICAGO BOARD OF TRADE,68765,77635,95999
2024-01-02,WHEAT,WHEAT-SRW - CHICAGO BOARD OF TRADE,68208,132284,64598
2024-01-09,CORN,CORN - CHICAGO BOARD OF TRADE,155242,392451,215534
2024-01-09,SOYBEAN MEAL,SOYBEAN MEAL - CHICAGO BOARD OF TRADE,70241,54110,56015
2024-01-09,SOYBEAN OIL,SOYBEAN OIL - CHICAGO BOARD OF TRADE,51966,98136,89246
2024-01-09,SOYBEANS,SOYBEANS - CHICAGO BOARD OF TRADE,62565,95842,92905
2024-01-09,WHEAT,WHEAT-SRW - CHICAGO BOARD OF TRADE,69030,130780,69053
2024-01-16,CORN,CORN - CHICAGO BOARD OF TRADE,151563,423213,227817
2024-01-16,SOYBEAN MEAL,SOYBEAN MEAL - CHICAGO BOARD OF TRADE,64904,63398,63297
2024-01-16,SOYBEAN OIL,SOYBEAN OIL - CHICAGO BOARD OF TRADE,55473,101916,95523
2024-01-16,SOYBEANS,SOYBEANS - CHICAGO BOARD OF TRADE,54101,132928,99250
2024-01-16,WHEAT,WHEAT-SRW - CHICAGO BOARD OF TRADE,68075,144938,76403
2024-01-23,CORN,CORN - CHICAGO BOARD OF TRADE,157008,432475,242658
2024-01-23,SOYBEAN MEAL,SOYBEAN MEAL - CHICAGO BOARD OF TRADE,55617,68841,65201
2024-01-23,SOYBEAN OIL,SOYBEAN OIL - CHICAGO BOARD OF TRADE,57428,101171,106218
2024-01-23,SOYBEANS,SOYBEANS - CHICAGO BOARD OF TRADE,48552,144944,114695
2024-01-23,WHEAT,WHEAT-SRW - CHICAGO BOARD OF TRADE,68466,138811,84096
2024-01-30,CORN,CORN - CHICAGO BOARD OF TRADE,164097,443645,243661
2024-01-30,SOYBEAN MEAL,SOYBEAN MEAL - CHICAGO BOARD OF TRADE,52395,70186,70608
2024-01-30,SOYBEAN OIL,SOYBEAN OIL - CHICAGO BOARD OF TRADE,59147,110213,114174
2024-01-30,SOYBEANS,SOYBEANS - CHICAGO BOARD OF TRADE,42993,144591,122858
2024-01-30,WHEAT,WHEAT-SRW - CHICAGO BOARD OF TRADE,72371,140060,74404
2024-02-06,CORN,CORN - CHICAGO BOARD OF TRADE,168628,462306,242413
2024-02-06,SOYBEAN MEAL,SOYBEAN MEAL - CHICAGO BOARD OF TRADE,57803,68494,69116
2024-02-06,SOYBEAN OIL,SOYBEAN OIL - CHICAGO BOARD OF TRADE,63093,108204,120080
2024-02-06,SOYBEANS,SOYBEANS - CHICAGO BOARD OF TRADE,44605,165768,131185
2024-02-06,WHEAT,WHEAT-SRW - CHICAGO BOARD OF TRADE,75128,144446,66307
2024-02-13,CORN,CORN - CHICAGO BOARD OF TRADE,177104,482107,265787
2024-02-13,SOYBEAN MEAL,SOYBEAN MEAL - CHICAGO BOARD OF TRADE,60673,85658,69602
2024-02-13,SOYBEAN OIL,SOYBEAN OIL - CHICAGO BOARD OF TRADE,65489,102985,115241
2024-02-13,SOYBEANS,SOYBEANS - CHICAGO BOARD OF TRADE,49000,173369,121562
2024-02-13,WHEAT,WHEAT-SRW - CHICAGO BOARD OF TRADE,79676,137556,67446
2024-02-20,CORN,CORN - CHICAGO BOARD OF TRADE,169844,498428,259079
2024-02-20,SOYBEAN MEAL,SOYBEAN MEAL - CHICAGO BOARD OF TRADE,64642,92632,66421
2024-02-20,SOYBEAN OIL,SOYBEAN OIL - CHICAGO BOARD OF TRADE,60794,113208,114120
2024-02-20,SOYBEANS,SOYBEANS - CHICAGO BOARD OF TRADE,53586,180260,111107
2024-02-20,WHEAT,WHEAT-SRW - CHICAGO BOARD OF TRADE,81087,152405,69925
2024-02-27,CORN,CORN - CHICAGO BOARD OF TRADE,181933,469728,247209
2024-02-27,SOYBEAN MEAL,SOYBEAN MEAL - CHICAGO BOARD OF TRADE,60537,104135,60275
2024-02-27,SOYBEAN OIL,SOYBEAN OIL - CHICAGO BOARD OF TRADE,63798,114811,103951
2024-02-27,SOYBEANS,SOYBEANS - CHICAGO BOARD OF TRADE,48431,199461,91804
2024-02-27,WHEAT,WHEAT-SRW - CHICAGO BOARD OF TRADE,85039,141005,63631
2024-03-05,CORN,CORN - CHICAGO BOARD OF TRADE,178511,464091,270032
2024-03-05,SOYBEAN MEAL,SOYBEAN MEAL - CHICAGO BOARD OF TRADE,64086,109996,64728
2024-03-05,SOYBEAN OIL,SOYBEAN OIL - CHICAGO BOARD OF TRADE,63184,124101,108452
2024-03-05,SOYBEANS,SOYBEANS - CHICAGO BOARD OF TRADE,53084,213374,90364
2024-03-05,WHEAT,WHEAT-SRW - CHICAGO BOARD OF TRADE,88516,153349,74431
2024-03-12,CORN,CORN - CHICAGO BOARD OF TRADE,181104,433423,273003
2024-03-12,SOYBEAN MEAL,SOYBEAN MEAL - CHICAGO BOARD OF TRADE,61776,109642,67820
2024-03-12,SOYBEAN OIL,SOYBEAN OIL - CHICAGO BOARD OF TRADE,74409,107587,118290
2024-03-12,SOYBEANS,SOYBEANS - CHICAGO BOARD OF TRADE,58631,205249,91108
2024-03-12,WHEAT,WHEAT-SRW - CHICAGO BOARD OF TRADE,76316,154942,79971
2024-03-19,CORN,CORN - CHICAGO BOARD OF TRADE,174040,418226,271479
2024-03-19,SOYBEAN MEAL,SOYBEAN MEAL - CHICAGO BOARD OF TRADE,64587,109134,70094
2024-03-19,SOYBEAN OIL,SOYBEAN OIL - CHICAGO BOARD OF TRADE,73135,88234,122518
2024-03-19,SOYBEANS,SOYBEANS - CHICAGO BOARD OF TRADE,58310,196942,87980
2024-03-19,WHEAT,WHEAT-SRW - CHICAGO BOARD OF TRADE,79423,160625,85924
2024-03-26,CORN,CORN - CHICAGO BOARD OF TRADE,175778,421241,283376
2024-03-26,SOYBEAN MEAL,SOYBEAN MEAL - CHICAGO BOARD OF TRADE,70965,99575,70545
2024-03-26,SOYBEAN OIL,SOYBEAN OIL - CHICAGO BOARD OF TRADE,79359,79328,125568
2024-03-26,SOYBEANS,SOYBEANS - CHICAGO BOARD OF TRADE,58432,181602,99524
2024-03-26,WHEAT,WHEAT-SRW - CHICAGO BOARD OF TRADE,77203,168766,87695
2024-04-02,CORN,CORN - CHICAGO BOARD OF TRADE,170645,420660,295743
2024-04-02,SOYBEAN MEAL,SOYBEAN MEAL - CHICAGO BOARD OF TRADE,66341,106899,71587
2024-04-02,SOYBEAN OIL,SOYBEAN OIL - CHICAGO BOARD OF TRADE,85960,78579,131544
2024-04-02,SOYBEANS,SOYBEANS - CHICAGO BOARD OF TRADE,56757,183775,109411
2024-04-02,WHEAT,WHEAT-SRW - CHICAGO BOARD OF TRADE,79209,170225,88678
2024-04-09,CORN,CORN - CHICAGO BOARD OF TRADE,160557,416223,260437
2024-04-09,SOYBEAN MEAL,SOYBEAN MEAL - CHICAGO BOARD OF TRADE,70801,93575,75739
2024-04-09,SOYBEAN OIL,SOYBEAN OIL - CHICAGO BOARD OF TRADE,82987,86639,116472
2024-04-09,SOYBEANS,SOYBEANS - CHICAGO BOARD OF TRADE,53027,179384,123440
2024-04-09,WHEAT,WHEAT-SRW - CHICAGO BOARD OF TRADE,76928,162734,87168
2024-04-16,CORN,CORN - CHICAGO BOARD OF TRADE,159713,431313,225680
2024-04-16,SOYBEAN MEAL,SOYBEAN MEAL - CHICAGO BOARD OF TRADE,82325,92062,67773
2024-04-16,SOYBEAN OIL,SOYBEAN OIL - CHICAGO BOARD OF TRADE,65758,116935,110762
2024-04-16,SOYBEANS,SOYBEANS - CHICAGO BOARD OF TRADE,45859,201551,127681
2024-04-16,WHEAT,WHEAT-SRW - CHICAGO BOARD OF TRADE,75783,171340,73935
2024-04-23,CORN,CORN - CHICAGO BOARD OF TRADE,173812,399755,225091
2024-04-23,SOYBEAN MEAL,SOYBEAN MEAL - CHICAGO BOARD OF TRADE,99851,78442,60066
2024-04-23,SOYBEAN OIL,SOYBEAN OIL - CHICAGO BOARD OF TRADE,69514,115933,92232
2024-04-23,SOYBEANS,SOYBEANS - CHICAGO BOARD OF TRADE,50620,189298,111420
2024-04-23,WHEAT,WHEAT-SRW - CHICAGO BOARD OF TRADE,79084,154626,61813
2024-04-30,CORN,CORN - CHICAGO BOARD OF TRADE,171980,385095,214538
2024-04-30,SOYBEAN MEAL,SOYBEAN MEAL - CHICAGO BOARD OF TRADE,112261,65576,54367
2024-04-30,SOYBEAN OIL,SOYBEAN OIL - CHICAGO BOARD OF TRADE,67167,131475,86075
2024-04-30,SOYBEANS,SOYBEANS - CHICAGO BOARD OF TRADE,52791,194028,89088
2024-04-30,WHEAT,WHEAT-SRW - CHICAGO BOARD OF TRADE,78496,128125,67662
2024-05-07,CORN,CORN - CHICAGO BOARD OF TRADE,202413,296190,206385
2024-05-07,SOYBEAN MEAL,SOYBEAN MEAL - CHICAGO BOARD OF TRADE,121799,31823,66003
2024-05-07,SOYBEAN OIL,SOYBEAN OIL - CHICAGO BOARD OF TRADE,70071,132531,84615
2024-05-07,SOYBEANS,SOYBEANS - CHICAGO BOARD OF TRADE,82311,112481,101411
2024-05-07,WHEAT,WHEAT-SRW - CHICAGO BOARD OF TRADE,79301,123848,67515
2024-05-14,CORN,CORN - CHICAGO BOARD OF TRADE,223385,284675,220159
2024-05-14,SOYBEAN MEAL,SOYBEAN MEAL - CHICAGO BOARD OF TRADE,132086,29111,60699
2024-05-14,SOYBEAN OIL,SOYBEAN OIL - CHICAGO BOARD OF TRADE,65468,124216,74652
2024-05-14,SOYBEANS,SOYBEANS - CHICAGO BOARD OF TRADE,71749,104082,97165
2024-05-14,WHEAT,WHEAT-SRW - CHICAGO BOARD OF TRADE,85692,115653,71551
2024-05-21,CORN,CORN - CHICAGO BOARD OF TRADE,211949,327594,218033
2024-05-21,SOYBEAN MEAL,SOYBEAN MEAL - CHICAGO BOARD OF TRADE,135321,31085,59677
2024-05-21,SOYBEAN OIL,SOYBEAN OIL - CHICAGO BOARD OF TRADE,62633,107249,75176
2024-05-21,SOYBEANS,SOYBEANS - CHICAGO BOARD OF TRADE,76100,94119,107247
2024-05-21,WHEAT,WHEAT-SRW - CHICAGO BOARD OF TRADE,85866,112555,79143
2024-05-28,CORN,CORN - CHICAGO BOARD OF TRADE,213816,345636,225796
2024-05-28,SOYBEAN MEAL,SOYBEAN MEAL - CHICAGO BOARD OF TRADE,146866,26331,63653
2024-05-28,SOYBEAN OIL,SOYBEAN OIL - CHICAGO BOARD OF TRADE,63728,103628,78202
2024-05-28,SOYBEANS,SOYBEANS - CHICAGO BOARD OF TRADE,84788,86335,108501
2024-05-28,WHEAT,WHEAT-SRW - CHICAGO BOARD OF TRADE,80907,112329,80866
2024-06-04,CORN,CORN - CHICAGO BOARD OF TRADE,199930,419538,265543
2024-06-04,SOYBEAN MEAL,SOYBEAN MEAL - CHICAGO BOARD OF TRADE,131451,28011,53518
2024-06-04,SOYBEAN OIL,SOYBEAN OIL - CHICAGO BOARD OF TRADE,58912,114780,80468
2024-06-04,SOYBEANS,SOYBEANS - CHICAGO BOARD OF TRADE,76076,116877,113326
2024-06-04,WHEAT,WHEAT-SRW - CHICAGO BOARD OF TRADE,76557,112757,80265
2024-06-11,CORN,CORN - CHICAGO BOARD OF TRADE,203123,423115,240826
2024-06-11,SOYBEAN MEAL,SOYBEAN MEAL - CHICAGO BOARD OF TRADE,121370,26839,52597
2024-06-11,SOYBEAN OIL,SOYBEAN OIL - CHICAGO BOARD OF TRADE,56323,130783,78902
2024-06-11,SOYBEANS,SOYBEANS - CHICAGO BOARD OF TRADE,73899,135278,100371
2024-06-11,WHEAT,WHEAT-SRW - CHICAGO BOARD OF TRADE,61074,111431,70871
2024-06-18,CORN,CORN - CHICAGO BOARD OF TRADE,206268,415602,211563
2024-06-18,SOYBEAN MEAL,SOYBEAN MEAL - CHICAGO BOARD OF TRADE,128869,27242,56484
2024-06-18,SOYBEAN OIL,SOYBEAN OIL - CHICAGO BOARD OF TRADE,60608,143915,75041
2024-06-18,SOYBEANS,SOYBEANS - CHICAGO BOARD OF TRADE,69478,168745,101089
2024-06-18,WHEAT,WHEAT-SRW - CHICAGO BOARD OF TRADE,59164,113667,66690
2024-06-25,CORN,CORN - CHICAGO BOARD OF TRADE,180785,477036,193359
2024-06-25,SOYBEAN MEAL,SOYBEAN MEAL - CHICAGO BOARD OF TRADE,129367,40837,55170
2024-06-25,SOYBEAN OIL,SOYBEAN OIL - CHICAGO BOARD OF TRADE,57071,164460,73864
2024-06-25,SOYBEANS,SOYBEANS - CHICAGO BOARD OF TRADE,70026,196378,84856
2024-06-25,WHEAT,WHEAT-SRW - CHICAGO BOARD OF TRADE,64335,133090,63108
2024-07-02,CORN,CORN - CHICAGO BOARD OF TRADE,150743,497517,210350
2024-07-02,SOYBEAN MEAL,SOYBEAN MEAL - CHICAGO BOARD OF TRADE,128733,53887,56126
2024-07-02,SOYBEAN OIL,SOYBEAN OIL - CHICAGO BOARD OF TRADE,62323,123692,72327
2024-07-02,SOYBEANS,SOYBEANS - CHICAGO BOARD OF TRADE,62710,196476,100536
2024-07-02,WHEAT,WHEAT-SRW - CHICAGO BOARD OF TRADE,67893,141851,70978
2024-07-09,CORN,CORN - CHICAGO BOARD OF TRADE,152750,509165,227028
2024-07-09,SOYBEAN MEAL,SOYBEAN MEAL - CHICAGO BOARD OF TRADE,121211,58416,60704
2024-07-09,SOYBEAN OIL,SOYBEAN OIL - CHICAGO BOARD OF TRADE,57442,72915,72486
2024-07-09,SOYBEANS,SOYBEANS - CHICAGO BOARD OF TRADE,60681,223484,97843
2024-07-09,WHEAT,WHEAT-SRW - CHICAGO BOARD OF TRADE,69864,138556,76833
2024-07-16,CORN,CORN - CHICAGO BOARD OF TRADE,146256,499028,260273
2024-07-16,SOYBEAN MEAL,SOYBEAN MEAL - CHICAGO BOARD OF TRADE,106928,78403,64870
2024-07-16,SOYBEAN OIL,SOYBEAN OIL - CHICAGO BOARD OF TRADE,56550,71568,70752
2024-07-16,SOYBEANS,SOYBEANS - CHICAGO BOARD OF TRADE,60560,243705,102021
2024-07-16,WHEAT,WHEAT-SRW - CHICAGO BOARD OF TRADE,70039,142870,77885
2024-07-23,CORN,CORN - CHICAGO BOARD OF TRADE,154545,488430,233684
2024-07-23,SOYBEAN MEAL,SOYBEAN MEAL - CHICAGO BOARD OF TRADE,98595,82036,64556
2024-07-23,SOYBEAN OIL,SOYBEAN OIL - CHICAGO BOARD OF TRADE,54317,81514,72975
2024-07-23,SOYBEANS,SOYBEANS - CHICAGO BOARD OF TRADE,59309,232254,109001
2024-07-23,WHEAT,WHEAT-SRW - CHICAGO BOARD OF TRADE,73093,146252,81920
2024-07-30,CORN,CORN - CHICAGO BOARD OF TRADE,156102,456412,229335
2024-07-30,SOYBEAN MEAL,SOYBEAN MEAL - CHICAGO BOARD OF TRADE,102999,70667,60291
2024-07-30,SOYBEAN OIL,SOYBEAN OIL - CHICAGO BOARD OF TRADE,55016,113053,77192
2024-07-30,SOYBEANS,SOYBEANS - CHICAGO BOARD OF TRADE,50445,220124,99201
2024-07-30,WHEAT,WHEAT-SRW - CHICAGO BOARD OF TRADE,76401,152787,83513
2024-08-06,CORN,CORN - CHICAGO BOARD OF TRADE,170859,419663,227876
2024-08-06,SOYBEAN MEAL,SOYBEAN MEAL - CHICAGO BOARD OF TRADE,103133,60585,67777
2024-08-06,SOYBEAN OIL,SOYBEAN OIL - CHICAGO BOARD OF TRADE,50861,129219,75881
2024-08-06,SOYBEANS,SOYBEANS - CHICAGO BOARD OF TRADE,52121,209026,96387
2024-08-06,WHEAT,WHEAT-SRW - CHICAGO BOARD OF TRADE,73985,145218,91132
2024-08-13,CORN,CORN - CHICAGO BOARD OF TRADE,183061,436108,216199
2024-08-13,SOYBEAN MEAL,SOYBEAN MEAL - CHICAGO BOARD OF TRADE,85209,81782,71012
2024-08-13,SOYBEAN OIL,SOYBEAN OIL - CHICAGO BOARD OF TRADE,56285,135368,71718
2024-08-13,SOYBEANS,SOYBEANS - CHICAGO BOARD OF TRADE,57074,211875,108360
2024-08-13,WHEAT,WHEAT-SRW - CHICAGO BOARD OF TRADE,76492,147518,71942
2024-08-20,CORN,CORN - CHICAGO BOARD OF TRADE,176939,434198,214987
2024-08-20,SOYBEAN MEAL,SOYBEAN MEAL - CHICAGO BOARD OF TRADE,91011,85244,72317
2024-08-20,SOYBEAN OIL,SOYBEAN OIL - CHICAGO BOARD OF TRADE,60562,144345,67570
2024-08-20,SOYBEANS,SOYBEANS - CHICAGO BOARD OF TRADE,50775,218701,102549
2024-08-20,WHEAT,WHEAT-SRW - CHICAGO BOARD OF TRADE,86237,136169,77627
2024-08-27,CORN,CORN - CHICAGO BOARD OF TRADE,176695,425360,209072
2024-08-27,SOYBEAN MEAL,SOYBEAN MEAL - CHICAGO BOARD OF TRADE,90752,84610,73865
2024-08-27,SOYBEAN OIL,SOYBEAN OIL - CHICAGO BOARD OF TRADE,60425,126853,59432
2024-08-27,SOYBEANS,SOYBEANS - CHICAGO BOARD OF TRADE,51944,219459,90588
2024-08-27,WHEAT,WHEAT-SRW - CHICAGO BOARD OF TRADE,91480,147364,68558
2024-09-03,CORN,CORN - CHICAGO BOARD OF TRADE,195014,383008,210707
2024-09-03,SOYBEAN MEAL,SOYBEAN MEAL - CHICAGO BOARD OF TRADE,99389,77082,70743
2024-09-03,SOYBEAN OIL,SOYBEAN OIL - CHICAGO BOARD OF TRADE,64488,110802,53213
2024-09-03,SOYBEANS,SOYBEANS - CHICAGO BOARD OF TRADE,51555,198125,95221
2024-09-03,WHEAT,WHEAT-SRW - CHICAGO BOARD OF TRADE,88702,133630,68872
2024-09-10,CORN,CORN - CHICAGO BOARD OF TRADE,204012,350607,201823
2024-09-10,SOYBEAN MEAL,SOYBEAN MEAL - CHICAGO BOARD OF TRADE,99615,62146,66125
2024-09-10,SOYBEAN OIL,SOYBEAN OIL - CHICAGO BOARD OF TRADE,68013,114555,57415
2024-09-10,SOYBEANS,SOYBEANS - CHICAGO BOARD OF TRADE,49042,169762,106177
2024-09-10,WHEAT,WHEAT-SRW - CHICAGO BOARD OF TRADE,82017,113714,64736
2024-09-17,CORN,CORN - CHICAGO BOARD OF TRADE,210804,354841,227712
2024-09-17,SOYBEAN MEAL,SOYBEAN MEAL - CHICAGO BOARD OF TRADE,104417,64443,69228
2024-09-17,SOYBEAN OIL,SOYBEAN OIL - CHICAGO BOARD OF TRADE,71593,120842,62678
2024-09-17,SOYBEANS,SOYBEANS - CHICAGO BOARD OF TRADE,53287,166039,111129
2024-09-17,WHEAT,WHEAT-SRW - CHICAGO BOARD OF TRADE,80693,108029,60370
2024-09-24,CORN,CORN - CHICAGO BOARD OF TRADE,197394,337705,237804
2024-09-24,SOYBEAN MEAL,SOYBEAN MEAL - CHICAGO BOARD OF TRADE,116148,57051,69955
2024-09-24,SOYBEAN OIL,SOYBEAN OIL - CHICAGO BOARD OF TRADE,78363,95218,57358
2024-09-24,SOYBEANS,SOYBEANS - CHICAGO BOARD OF TRADE,64551,140568,116817
2024-09-24,WHEAT,WHEAT-SRW - CHICAGO BOARD OF TRADE,76938,107259,65559
2024-10-01,CORN,CORN - CHICAGO BOARD OF TRADE,209082,281167,250070
2024-10-01,SOYBEAN MEAL,SOYBEAN MEAL - CHICAGO BOARD OF TRADE,143403,40136,70073
2024-10-01,SOYBEAN OIL,SOYBEAN OIL - CHICAGO BOARD OF TRADE,87842,68828,62550
2024-10-01,SOYBEANS,SOYBEANS - CHICAGO BOARD OF TRADE,85109,116890,114073
2024-10-01,WHEAT,WHEAT-SRW - CHICAGO BOARD OF TRADE,76929,101618,75361
2024-10-08,CORN,CORN - CHICAGO BOARD OF TRADE,205521,240375,250764
2024-10-08,SOYBEAN MEAL,SOYBEAN MEAL - CHICAGO BOARD OF TRADE,140091,43243,66508
2024-10-08,SOYBEAN OIL,SOYBEAN OIL - CHICAGO BOARD OF TRADE,93230,58115,58401
2024-10-08,SOYBEANS,SOYBEANS - CHICAGO BOARD OF TRADE,93918,112820,107182
2024-10-08,WHEAT,WHEAT-SRW - CHICAGO BOARD OF TRADE,67753,99064,87792
2024-10-15,CORN,CORN - CHICAGO BOARD OF TRADE,191421,298869,243072
2024-10-15,SOYBEAN MEAL,SOYBEAN MEAL - CHICAGO BOARD OF TRADE,124987,68400,73803
2024-10-15,SOYBEAN OIL,SOYBEAN OIL - CHICAGO BOARD OF TRADE,84882,56195,58682
2024-10-15,SOYBEANS,SOYBEANS - CHICAGO BOARD OF TRADE,96792,137280,112399
2024-10-15,WHEAT,WHEAT-SRW - CHICAGO BOARD OF TRADE,67146,97611,91452
2024-10-22,CORN,CORN - CHICAGO BOARD OF TRADE,227567,315425,227439
2024-10-22,SOYBEAN MEAL,SOYBEAN MEAL - CHICAGO BOARD OF TRADE,124925,67897,68832
2024-10-22,SOYBEAN OIL,SOYBEAN OIL - CHICAGO BOARD OF TRADE,90931,49573,66022
2024-10-22,SOYBEANS,SOYBEANS - CHICAGO BOARD OF TRADE,95543,153610,112672
2024-10-22,WHEAT,WHEAT-SRW - CHICAGO BOARD OF TRADE,65117,99928,89470
2024-10-29,CORN,CORN - CHICAGO BOARD OF TRADE,244750,280258,205734
2024-10-29,SOYBEAN MEAL,SOYBEAN MEAL - CHICAGO BOARD OF TRADE,111051,97390,77360
2024-10-29,SOYBEAN OIL,SOYBEAN OIL - CHICAGO BOARD OF TRADE,91637,54448,59453
2024-10-29,SOYBEANS,SOYBEANS - CHICAGO BOARD OF TRADE,96177,158047,88248
2024-10-29,WHEAT,WHEAT-SRW - CHICAGO BOARD OF TRADE,64758,100818,94131
2024-11-05,CORN,CORN - CHICAGO BOARD OF TRADE,270820,267785,215716
2024-11-05,SOYBEAN MEAL,SOYBEAN MEAL - CHICAGO BOARD OF TRADE,105582,112320,78146
2024-11-05,SOYBEAN OIL,SOYBEAN OIL - CHICAGO BOARD OF TRADE,105853,44676,55674
2024-11-05,SOYBEANS,SOYBEANS - CHICAGO BOARD OF TRADE,99954,156326,98270
2024-11-05,WHEAT,WHEAT-SRW - CHICAGO BOARD OF TRADE,64831,99279,112079
2024-11-12,CORN,CORN - CHICAGO BOARD OF TRADE,292348,192569,201401
2024-11-12,SOYBEAN MEAL,SOYBEAN MEAL - CHICAGO BOARD OF TRADE,99528,124986,89742
2024-11-12,SOYBEAN OIL,SOYBEAN OIL - CHICAGO BOARD OF TRADE,116257,43287,57008
2024-11-12,SOYBEANS,SOYBEANS - CHICAGO BOARD OF TRADE,109617,149318,96402
2024-11-12,WHEAT,WHEAT-SRW - CHICAGO BOARD OF TRADE,62671,115424,99031
2024-11-19,CORN,CORN - CHICAGO BOARD OF TRADE,285074,177975,190678
2024-11-19,SOYBEAN MEAL,SOYBEAN MEAL - CHICAGO BOARD OF TRADE,93514,152736,92905
2024-11-19,SOYBEAN OIL,SOYBEAN OIL - CHICAGO BOARD OF TRADE,101534,49207,59447
2024-11-19,SOYBEANS,SOYBEANS - CHICAGO BOARD OF TRADE,112061,160583,99925
2024-11-19,WHEAT,WHEAT-SRW - CHICAGO BOARD OF TRADE,71968,131588,97526
2024-11-26,CORN,CORN - CHICAGO BOARD OF TRADE,265341,181439,174969
2024-11-26,SOYBEAN MEAL,SOYBEAN MEAL - CHICAGO BOARD OF TRADE,85567,158470,91795
2024-11-26,SOYBEAN OIL,SOYBEAN OIL - CHICAGO BOARD OF TRADE,80414,58934,58911
2024-11-26,SOYBEANS,SOYBEANS - CHICAGO BOARD OF TRADE,106652,165118,100734
2024-11-26,WHEAT,WHEAT-SRW - CHICAGO BOARD OF TRADE,79172,139930,84041
2024-12-03,CORN,CORN - CHICAGO BOARD OF TRADE,262174,188935,190916
2024-12-03,SOYBEAN MEAL,SOYBEAN MEAL - CHICAGO BOARD OF TRADE,84589,156120,100270
2024-12-03,SOYBEAN OIL,SOYBEAN OIL - CHICAGO BOARD OF TRADE,81323,73989,54351
2024-12-03,SOYBEANS,SOYBEANS - CHICAGO BOARD OF TRADE,109442,154902,109125
2024-12-03,WHEAT,WHEAT-SRW - CHICAGO BOARD OF TRADE,82223,153184,86015
2024-12-10,CORN,CORN - CHICAGO BOARD OF TRADE,327933,162361,189155
2024-12-10,SOYBEAN MEAL,SOYBEAN MEAL - CHICAGO BOARD OF TRADE,86043,155699,102709
2024-12-10,SOYBEAN OIL,SOYBEAN OIL - CHICAGO BOARD OF TRADE,78512,65225,57699
2024-12-10,SOYBEANS,SOYBEANS - CHICAGO BOARD OF TRADE,112085,142679,108295
2024-12-10,WHEAT,WHEAT-SRW - CHICAGO BOARD OF TRADE,81322,149783,86386
2024-12-17,CORN,CORN - CHICAGO BOARD OF TRADE,310458,152753,208834
2024-12-17,SOYBEAN MEAL,SOYBEAN MEAL - CHICAGO BOARD OF TRADE,79075,165853,108389
2024-12-17,SOYBEAN OIL,SOYBEAN OIL - CHICAGO BOARD OF TRADE,70972,69590,58345
2024-12-17,SOYBEANS,SOYBEANS - CHICAGO BOARD OF TRADE,104530,161606,99862
2024-12-17,WHEAT,WHEAT-SRW - CHICAGO BOARD OF TRADE,78633,169948,91645
2024-12-24,CORN,CORN - CHICAGO BOARD OF TRADE,316257,150651,209449
2024-12-24,SOYBEAN MEAL,SOYBEAN MEAL - CHICAGO BOARD OF TRADE,70149,165491,101717
2024-12-24,SOYBEAN OIL,SOYBEAN OIL - CHICAGO BOARD OF TRADE,65734,88148,57916
2024-12-24,SOYBEANS,SOYBEANS - CHICAGO BOARD OF TRADE,107921,161721,89062
2024-12-24,WHEAT,WHEAT-SRW - CHICAGO BOARD OF TRADE,76971,180048,96937
2024-12-31,CORN,CORN - CHICAGO BOARD OF TRADE,347394,123498,233919
2024-12-31,SOYBEAN MEAL,SOYBEAN MEAL - CHICAGO BOARD OF TRADE,72000,135415,93380
2024-12-31,SOYBEAN OIL,SOYBEAN OIL - CHICAGO BOARD OF TRADE,65280,97469,61134
2024-12-31,SOYBEANS,SOYBEANS - CHICAGO BOARD OF TRADE,114130,139314,95023
2024-12-31,WHEAT,WHEAT-SRW - CHICAGO BOARD OF TRADE,80896,171814,106739
2025-01-07,CORN,CORN - CHICAGO BOARD OF TRADE,353322,109607,254908
2025-01-07,SOYBEAN MEAL,SOYBEAN MEAL - CHICAGO BOARD OF TRADE,62220,120141,95838
2025-01-07,SOYBEAN OIL,SOYBEAN OIL - CHICAGO BOARD OF TRADE,68048,102598,67118
2025-01-07,SOYBEANS,SOYBEANS - CHICAGO BOARD OF TRADE,109641,124037,91477
2025-01-07,WHEAT,WHEAT-SRW - CHICAGO BOARD OF TRADE,86933,175897,108819
2025-01-14,CORN,CORN - CHICAGO BOARD OF TRADE,389883,97720,274603
2025-01-14,SOYBEAN MEAL,SOYBEAN MEAL - CHICAGO BOARD OF TRADE,54274,116428,101555
2025-01-14,SOYBEAN OIL,SOYBEAN OIL - CHICAGO BOARD OF TRADE,73041,64850,65323
2025-01-14,SOYBEANS,SOYBEANS - CHICAGO BOARD OF TRADE,138614,80287,90433
2025-01-14,WHEAT,WHEAT-SRW - CHICAGO BOARD OF TRADE,85783,179752,114871
2025-01-21,CORN,CORN - CHICAGO BOARD OF TRADE,424992,103308,313045
2025-01-21,SOYBEAN MEAL,SOYBEAN MEAL - CHICAGO BOARD OF TRADE,55213,114646,105452
2025-01-21,SOYBEAN OIL,SOYBEAN OIL - CHICAGO BOARD OF TRADE,79054,52245,70147
2025-01-21,SOYBEANS,SOYBEANS - CHICAGO BOARD OF TRADE,144412,78491,93855
2025-01-21,WHEAT,WHEAT-SRW - CHICAGO BOARD OF TRADE,84052,173631,117930
2025-01-28,CORN,CORN - CHICAGO BOARD OF TRADE,438643,94854,357329
2025-01-28,SOYBEAN MEAL,SOYBEAN MEAL - CHICAGO BOARD OF TRADE,54965,106058,101925
2025-01-28,SOYBEAN OIL,SOYBEAN OIL - CHICAGO BOARD OF TRADE,73981,34470,79371
2025-01-28,SOYBEANS,SOYBEANS - CHICAGO BOARD OF TRADE,140673,67638,100073
2025-01-28,WHEAT,WHEAT-SRW - CHICAGO BOARD OF TRADE,79797,186188,123010
2025-02-04,CORN,CORN - CHICAGO BOARD OF TRADE,444920,83389,379991
2025-02-04,SOYBEAN MEAL,SOYBEAN MEAL - CHICAGO BOARD OF TRADE,58576,90057,104583
2025-02-04,SOYBEAN OIL,SOYBEAN OIL - CHICAGO BOARD OF TRADE,81385,35976,79507
2025-02-04,SOYBEANS,SOYBEANS - CHICAGO BOARD OF TRADE,135908,63152,107306
2025-02-04,WHEAT,WHEAT-SRW - CHICAGO BOARD OF TRADE,78957,160987,120265
2025-02-11,CORN,CORN - CHICAGO BOARD OF TRADE,410303,84059,411111
2025-02-11,SOYBEAN MEAL,SOYBEAN MEAL - CHICAGO BOARD OF TRADE,57512,102333,90528
2025-02-11,SOYBEAN OIL,SOYBEAN OIL - CHICAGO BOARD OF TRADE,86763,36841,62857
2025-02-11,SOYBEANS,SOYBEANS - CHICAGO BOARD OF TRADE,120695,78474,112156
2025-02-11,WHEAT,WHEAT-SRW - CHICAGO BOARD OF TRADE,81444,155617,100219
2025-02-18,CORN,CORN - CHICAGO BOARD OF TRADE,438583,78850,394791
2025-02-18,SOYBEAN MEAL,SOYBEAN MEAL - CHICAGO BOARD OF TRADE,55649,109920,87660
2025-02-18,SOYBEAN OIL,SOYBEAN OIL - CHICAGO BOARD OF TRADE,97196,39699,59224
2025-02-18,SOYBEANS,SOYBEANS - CHICAGO BOARD OF TRADE,115099,81395,116263
2025-02-18,WHEAT,WHEAT-SRW - CHICAGO BOARD OF TRADE,79599,127443,90834
2025-02-25,CORN,CORN - CHICAGO BOARD OF TRADE,411839,77996,367714
2025-02-25,SOYBEAN MEAL,SOYBEAN MEAL - CHICAGO BOARD OF TRADE,55443,116718,79863
2025-02-25,SOYBEAN OIL,SOYBEAN OIL - CHICAGO BOARD OF TRADE,88152,43271,58294
2025-02-25,SOYBEANS,SOYBEANS - CHICAGO BOARD OF TRADE,111182,87468,97247
2025-02-25,WHEAT,WHEAT-SRW - CHICAGO BOARD OF TRADE,71962,137056,78589
2025-03-04,CORN,CORN - CHICAGO BOARD OF TRADE,297148,90304,383874
2025-03-04,SOYBEAN MEAL,SOYBEAN MEAL - CHICAGO BOARD OF TRADE,54261,139523,85328
2025-03-04,SOYBEAN OIL,SOYBEAN OIL - CHICAGO BOARD OF TRADE,73747,63997,69813
2025-03-04,SOYBEANS,SOYBEANS - CHICAGO BOARD OF TRADE,99542,124067,107309
2025-03-04,WHEAT,WHEAT-SRW - CHICAGO BOARD OF TRADE,78174,160820,86648
2025-03-11,CORN,CORN - CHICAGO BOARD OF TRADE,248286,115874,363299
2025-03-11,SOYBEAN MEAL,SOYBEAN MEAL - CHICAGO BOARD OF TRADE,57223,129890,83559
2025-03-11,SOYBEAN OIL,SOYBEAN OIL - CHICAGO BOARD OF TRADE,70160,83479,77490
2025-03-11,SOYBEANS,SOYBEANS - CHICAGO BOARD OF TRADE,101927,109849,108993
2025-03-11,WHEAT,WHEAT-SRW - CHICAGO BOARD OF TRADE,79584,155930,88720
2025-03-18,CORN,CORN - CHICAGO BOARD OF TRADE,243695,139265,352693
2025-03-18,SOYBEAN MEAL,SOYBEAN MEAL - CHICAGO BOARD OF TRADE,63790,123916,95012
2025-03-18,SOYBEAN OIL,SOYBEAN OIL - CHICAGO BOARD OF TRADE,71353,97778,84222
2025-03-18,SOYBEANS,SOYBEANS - CHICAGO BOARD OF TRADE,97402,115386,128809
2025-03-18,WHEAT,WHEAT-SRW - CHICAGO BOARD OF TRADE,76272,154938,97980
2025-03-25,CORN,CORN - CHICAGO BOARD OF TRADE,230554,156634,346383
2025-03-25,SOYBEAN MEAL,SOYBEAN MEAL - CHICAGO BOARD OF TRADE,55274,137760,98032
2025-03-25,SOYBEAN OIL,SOYBEAN OIL - CHICAGO BOARD OF TRADE,68773,112161,91770
2025-03-25,SOYBEANS,SOYBEANS - CHICAGO BOARD OF TRADE,89649,123470,139427
2025-03-25,WHEAT,WHEAT-SRW - CHICAGO BOARD OF TRADE,75959,166096,105489
2025-04-01,CORN,CORN - CHICAGO BOARD OF TRADE,285078,156645,328043
2025-04-01,SOYBEAN MEAL,SOYBEAN MEAL - CHICAGO BOARD OF TRADE,53227,151682,105785
2025-04-01,SOYBEAN OIL,SOYBEAN OIL - CHICAGO BOARD OF TRADE,82099,84232,91192
2025-04-01,SOYBEANS,SOYBEANS - CHICAGO BOARD OF TRADE,102571,106252,138615
2025-04-01,WHEAT,WHEAT-SRW - CHICAGO BOARD OF TRADE,79588,180172,112536
2025-04-08,CORN,CORN - CHICAGO BOARD OF TRADE,290992,159808,270917
2025-04-08,SOYBEAN MEAL,SOYBEAN MEAL - CHICAGO BOARD OF TRADE,55862,150815,99224
2025-04-08,SOYBEAN OIL,SOYBEAN OIL - CHICAGO BOARD OF TRADE,83240,50783,85333
2025-04-08,SOYBEANS,SOYBEANS - CHICAGO BOARD OF TRADE,96941,124275,130282
2025-04-08,WHEAT,WHEAT-SRW - CHICAGO BOARD OF TRADE,81686,172410,114758
2025-04-15,CORN,CORN - CHICAGO BOARD OF TRADE,277472,132318,228090
2025-04-15,SOYBEAN MEAL,SOYBEAN MEAL - CHICAGO BOARD OF TRADE,58973,125544,95637
2025-04-15,SOYBEAN OIL,SOYBEAN OIL - CHICAGO BOARD OF TRADE,85335,40794,86212
2025-04-15,SOYBEANS,SOYBEANS - CHICAGO BOARD OF TRADE,123563,80215,101030
2025-04-15,WHEAT,WHEAT-SRW - CHICAGO BOARD OF TRADE,78988,165226,115410
2025-04-22,CORN,CORN - CHICAGO BOARD OF TRADE,289843,157429,210411
2025-04-22,SOYBEAN MEAL,SOYBEAN MEAL - CHICAGO BOARD OF TRADE,58601,128523,95888
2025-04-22,SOYBEAN OIL,SOYBEAN OIL - CHICAGO BOARD OF TRADE,95288,39616,80115
2025-04-22,SOYBEANS,SOYBEANS - CHICAGO BOARD OF TRADE,136399,83154,95571
2025-04-22,WHEAT,WHEAT-SRW - CHICAGO BOARD OF TRADE,82766,164627,102566
2025-04-29,CORN,CORN - CHICAGO BOARD OF TRADE,262858,176729,186970
2025-04-29,SOYBEAN MEAL,SOYBEAN MEAL - CHICAGO BOARD OF TRADE,57996,152317,81907
2025-04-29,SOYBEAN OIL,SOYBEAN OIL - CHICAGO BOARD OF TRADE,110064,46029,73802
2025-04-29,SOYBEANS,SOYBEANS - CHICAGO BOARD OF TRADE,134677,75749,93986
2025-04-29,WHEAT,WHEAT-SRW - CHICAGO BOARD OF TRADE,80133,192349,93823
2025-05-06,CORN,CORN - CHICAGO BOARD OF TRADE,234641,205622,184262
2025-05-06,SOYBEAN MEAL,SOYBEAN MEAL - CHICAGO BOARD OF TRADE,61674,160195,84598
2025-05-06,SOYBEAN OIL,SOYBEAN OIL - CHICAGO BOARD OF TRADE,112637,54841,85029
2025-05-06,SOYBEANS,SOYBEANS - CHICAGO BOARD OF TRADE,126245,84517,107081
2025-05-06,WHEAT,WHEAT-SRW - CHICAGO BOARD OF TRADE,84883,190819,96805
2025-05-13,CORN,CORN - CHICAGO BOARD OF TRADE,196463,260735,204083
2025-05-13,SOYBEAN MEAL,SOYBEAN MEAL - CHICAGO BOARD OF TRADE,63450,161556,90284
2025-05-13,SOYBEAN OIL,SOYBEAN OIL - CHICAGO BOARD OF TRADE,115907,49253,90117
2025-05-13,SOYBEANS,SOYBEANS - CHICAGO BOARD OF TRADE,136702,81035,122315
2025-05-13,WHEAT,WHEAT-SRW - CHICAGO BOARD OF TRADE,88121,208662,105680
2025-05-20,CORN,CORN - CHICAGO BOARD OF TRADE,190130,285613,227876
2025-05-20,SOYBEAN MEAL,SOYBEAN MEAL - CHICAGO BOARD OF TRADE,62392,164202,98569
2025-05-20,SOYBEAN OIL,SOYBEAN OIL - CHICAGO BOARD OF TRADE,107416,51820,100212
2025-05-20,SOYBEANS,SOYBEANS - CHICAGO BOARD OF TRADE,125737,94407,128851
2025-05-20,WHEAT,WHEAT-SRW - CHICAGO BOARD OF TRADE,93184,193725,111715
2025-05-27,CORN,CORN - CHICAGO BOARD OF TRADE,184967,275116,241607
2025-05-27,SOYBEAN MEAL,SOYBEAN MEAL - CHICAGO BOARD OF TRADE,66338,157116,97713
2025-05-27,SOYBEAN OIL,SOYBEAN OIL - CHICAGO BOARD OF TRADE,103507,48929,99250
2025-05-27,SOYBEANS,SOYBEANS - CHICAGO BOARD OF TRADE,141474,80555,125585
2025-05-27,WHEAT,WHEAT-SRW - CHICAGO BOARD OF TRADE,83094,176949,111921
2025-06-03,CORN,CORN - CHICAGO BOARD OF TRADE,183615,317594,224706
2025-06-03,SOYBEAN MEAL,SOYBEAN MEAL - CHICAGO BOARD OF TRADE,65559,159229,96966
2025-06-03,SOYBEAN OIL,SOYBEAN OIL - CHICAGO BOARD OF TRADE,84391,50557,95769
2025-06-03,SOYBEANS,SOYBEANS - CHICAGO BOARD OF TRADE,134570,99966,125908
2025-06-03,WHEAT,WHEAT-SRW - CHICAGO BOARD OF TRADE,80948,175491,111878
2025-06-10,CORN,CORN - CHICAGO BOARD OF TRADE,183575,333718,212714
2025-06-10,SOYBEAN MEAL,SOYBEAN MEAL - CHICAGO BOARD OF TRADE,64937,148929,89849
2025-06-10,SOYBEAN OIL,SOYBEAN OIL - CHICAGO BOARD OF TRADE,74177,47983,89753
2025-06-10,SOYBEANS,SOYBEANS - CHICAGO BOARD OF TRADE,127770,92699,122125
2025-06-10,WHEAT,WHEAT-SRW - CHICAGO BOARD OF TRADE,78641,166310,100179
2025-06-17,CORN,CORN - CHICAGO BOARD OF TRADE,171613,340685,203084
2025-06-17,SOYBEAN MEAL,SOYBEAN MEAL - CHICAGO BOARD OF TRADE,62081,162689,85169
2025-06-17,SOYBEAN OIL,SOYBEAN OIL - CHICAGO BOARD OF TRADE,82958,38603,84121
2025-06-17,SOYBEANS,SOYBEANS - CHICAGO BOARD OF TRADE,137366,75077,119860
2025-06-17,WHEAT,WHEAT-SRW - CHICAGO BOARD OF TRADE,79174,153430,90401
2025-06-24,CORN,CORN - CHICAGO BOARD OF TRADE,173552,348948,199779
2025-06-24,SOYBEAN MEAL,SOYBEAN MEAL - CHICAGO BOARD OF TRADE,56906,163142,83387
2025-06-24,SOYBEAN OIL,SOYBEAN OIL - CHICAGO BOARD OF TRADE,85736,41961,75467
2025-06-24,SOYBEANS,SOYBEANS - CHICAGO BOARD OF TRADE,131177,95781,108671
2025-06-24,WHEAT,WHEAT-SRW - CHICAGO BOARD OF TRADE,70748,134616,73244
2025-07-01,CORN,CORN - CHICAGO BOARD OF TRADE,188779,378319,202727
2025-07-01,SOYBEAN MEAL,SOYBEAN MEAL - CHICAGO BOARD OF TRADE,55745,181617,84486
2025-07-01,SOYBEAN OIL,SOYBEAN OIL - CHICAGO BOARD OF TRADE,83230,44104,85856
2025-07-01,SOYBEANS,SOYBEANS - CHICAGO BOARD OF TRADE,122465,108564,120457
2025-07-01,WHEAT,WHEAT-SRW - CHICAGO BOARD OF TRADE,78424,141838,75769
2025-07-08,CORN,CORN - CHICAGO BOARD OF TRADE,179925,359212,201788
2025-07-08,SOYBEAN MEAL,SOYBEAN MEAL - CHICAGO BOARD OF TRADE,51426,176516,86169
2025-07-08,SOYBEAN OIL,SOYBEAN OIL - CHICAGO BOARD OF TRADE,83071,45848,87673
2025-07-08,SOYBEANS,SOYBEANS - CHICAGO BOARD OF TRADE,119999,112815,113890
2025-07-08,WHEAT,WHEAT-SRW - CHICAGO BOARD OF TRADE,83593,141186,76351
2025-07-15,CORN,CORN - CHICAGO BOARD OF TRADE,190143,349187,209379
2025-07-15,SOYBEAN MEAL,SOYBEAN MEAL - CHICAGO BOARD OF TRADE,54367,179803,86508
2025-07-15,SOYBEAN OIL,SOYBEAN OIL - CHICAGO BOARD OF TRADE,88401,46780,98163
2025-07-15,SOYBEANS,SOYBEANS - CHICAGO BOARD OF TRADE,118284,135476,112268
2025-07-15,WHEAT,WHEAT-SRW - CHICAGO BOARD OF TRADE,84752,147786,83753
2025-07-22,CORN,CORN - CHICAGO BOARD OF TRADE,196655,347418,220815
2025-07-22,SOYBEAN MEAL,SOYBEAN MEAL - CHICAGO BOARD OF TRADE,52351,176972,94074
2025-07-22,SOYBEAN OIL,SOYBEAN OIL - CHICAGO BOARD OF TRADE,98011,43827,103435
2025-07-22,SOYBEANS,SOYBEANS - CHICAGO BOARD OF TRADE,118238,109129,119916
2025-07-22,WHEAT,WHEAT-SRW - CHICAGO BOARD OF TRADE,93045,147034,93620
2025-07-29,CORN,CORN - CHICAGO BOARD OF TRADE,201664,352608,238067
2025-07-29,SOYBEAN MEAL,SOYBEAN MEAL - CHICAGO BOARD OF TRADE,53095,180473,90811
2025-07-29,SOYBEAN OIL,SOYBEAN OIL - CHICAGO BOARD OF TRADE,104530,42422,108328
2025-07-29,SOYBEANS,SOYBEANS - CHICAGO BOARD OF TRADE,106822,131594,95200
2025-07-29,WHEAT,WHEAT-SRW - CHICAGO BOARD OF TRADE,89260,156140,87335
2025-08-05,CORN,CORN - CHICAGO BOARD OF TRADE,204378,340224,282407
2025-08-05,SOYBEAN MEAL,SOYBEAN MEAL - CHICAGO BOARD OF TRADE,48297,179574,93215
2025-08-05,SOYBEAN OIL,SOYBEAN OIL - CHICAGO BOARD OF TRADE,97551,43837,115292
2025-08-05,SOYBEANS,SOYBEANS - CHICAGO BOARD OF TRADE,99566,153160,109580
2025-08-05,WHEAT,WHEAT-SRW - CHICAGO BOARD OF TRADE,91921,174878,95151
2025-08-12,CORN,CORN - CHICAGO BOARD OF TRADE,212492,354831,204900
2025-08-12,SOYBEAN MEAL,SOYBEAN MEAL - CHICAGO BOARD OF TRADE,46929,156513,94570
2025-08-12,SOYBEAN OIL,SOYBEAN OIL - CHICAGO BOARD OF TRADE,87220,42230,106050
2025-08-12,SOYBEANS,SOYBEANS - CHICAGO BOARD OF TRADE,99633,125856,132992
2025-08-12,WHEAT,WHEAT-SRW - CHICAGO BOARD OF TRADE,92728,184602,81296
2025-08-19,CORN,CORN - CHICAGO BOARD OF TRADE,239953,354590,198990
2025-08-19,SOYBEAN MEAL,SOYBEAN MEAL - CHICAGO BOARD OF TRADE,57395,146488,88564
2025-08-19,SOYBEAN OIL,SOYBEAN OIL - CHICAGO BOARD OF TRADE,89034,56157,111733
2025-08-19,SOYBEANS,SOYBEANS - CHICAGO BOARD OF TRADE,97108,98861,125897
2025-08-19,WHEAT,WHEAT-SRW - CHICAGO BOARD OF TRADE,87493,187659,81337
2025-08-26,CORN,CORN - CHICAGO BOARD OF TRADE,233908,344843,177364
2025-08-26,SOYBEAN MEAL,SOYBEAN MEAL - CHICAGO BOARD OF TRADE,64618,126411,82637
2025-08-26,SOYBEAN OIL,SOYBEAN OIL - CHICAGO BOARD OF TRADE,83479,55176,110683
2025-08-26,SOYBEANS,SOYBEANS - CHICAGO BOARD OF TRADE,104112,84967,116090
2025-08-26,WHEAT,WHEAT-SRW - CHICAGO BOARD OF TRADE,94379,177238,83187
2025-09-02,CORN,CORN - CHICAGO BOARD OF TRADE,238659,333856,186669
2025-09-02,SOYBEAN MEAL,SOYBEAN MEAL - CHICAGO BOARD OF TRADE,59948,144871,81929
2025-09-02,SOYBEAN OIL,SOYBEAN OIL - CHICAGO BOARD OF TRADE,73377,58455,112669
2025-09-02,SOYBEANS,SOYBEANS - CHICAGO BOARD OF TRADE,101829,90413,118957
2025-09-02,WHEAT,WHEAT-SRW - CHICAGO BOARD OF TRADE,91577,174853,85368
2025-09-09,CORN,CORN - CHICAGO BOARD OF TRADE,225350,324943,201120
2025-09-09,SOYBEAN MEAL,SOYBEAN MEAL - CHICAGO BOARD OF TRADE,65043,150542,90098
2025-09-09,SOYBEAN OIL,SOYBEAN OIL - CHICAGO BOARD OF TRADE,67436,63022,116990
2025-09-09,SOYBEANS,SOYBEANS - CHICAGO BOARD OF TRADE,93311,106693,108741
2025-09-09,WHEAT,WHEAT-SRW - CHICAGO BOARD OF TRADE,91990,185277,94609
2025-09-16,CORN,CORN - CHICAGO BOARD OF TRADE,217894,299391,224154
2025-09-16,SOYBEAN MEAL,SOYBEAN MEAL - CHICAGO BOARD OF TRADE,65912,146940,95721
2025-09-16,SOYBEAN OIL,SOYBEAN OIL - CHICAGO BOARD OF TRADE,75029,57116,122023
2025-09-16,SOYBEANS,SOYBEANS - CHICAGO BOARD OF TRADE,105484,105296,111963
2025-09-16,WHEAT,WHEAT-SRW - CHICAGO BOARD OF TRADE,94296,180095,108801
2025-09-23,CORN,CORN - CHICAGO BOARD OF TRADE,205034,302357,216394
2025-09-23,SOYBEAN MEAL,SOYBEAN MEAL - CHICAGO BOARD OF TRADE,69478,162340,99561
2025-09-23,SOYBEAN OIL,SOYBEAN OIL - CHICAGO BOARD OF TRADE,71218,69408,113436
2025-09-23,SOYBEANS,SOYBEANS - CHICAGO BOARD OF TRADE,99535,124277,114427
2025-09-23,WHEAT,WHEAT-SRW - CHICAGO BOARD OF TRADE,98875,196170,108973
2025-09-30,CORN,CORN - CHICAGO BOARD OF TRADE,179951,309308,228334
2025-09-30,SOYBEAN MEAL,SOYBEAN MEAL - CHICAGO BOARD OF TRADE,62777,174247,104447
2025-09-30,SOYBEAN OIL,SOYBEAN OIL - CHICAGO BOARD OF TRADE,68733,69440,105411
2025-09-30,SOYBEANS,SOYBEANS - CHICAGO BOARD OF TRADE,98361,129954,123911
2025-09-30,WHEAT,WHEAT-SRW - CHICAGO BOARD OF TRADE,98635,194874,114811
2025-10-07,CORN,CORN - CHICAGO BOARD OF TRADE,172022,306634,236939
2025-10-07,SOYBEAN MEAL,SOYBEAN MEAL - CHICAGO BOARD OF TRADE,67424,179716,109609
2025-10-07,SOYBEAN OIL,SOYBEAN OIL - CHICAGO BOARD OF TRADE,73132,66449,106525
2025-10-07,SOYBEANS,SOYBEANS - CHICAGO BOARD OF TRADE,117965,114064,119838
2025-10-07,WHEAT,WHEAT-SRW - CHICAGO BOARD OF TRADE,99681,195081,122482
2025-10-14,CORN,CORN - CHICAGO BOARD OF TRADE,162573,350565,244864
2025-10-14,SOYBEAN MEAL,SOYBEAN MEAL - CHICAGO BOARD OF TRADE,69504,187977,115531
2025-10-14,SOYBEAN OIL,SOYBEAN OIL - CHICAGO BOARD OF TRADE,73044,69110,114376
2025-10-14,SOYBEANS,SOYBEANS - CHICAGO BOARD OF TRADE,118367,115741,135836
2025-10-14,WHEAT,WHEAT-SRW - CHICAGO BOARD OF TRADE,107781,218664,130077
2025-10-21,CORN,CORN - CHICAGO BOARD OF TRADE,151763,311035,249830
2025-10-21,SOYBEAN MEAL,SOYBEAN MEAL - CHICAGO BOARD OF TRADE,70633,166378,115264
2025-10-21,SOYBEAN OIL,SOYBEAN OIL - CHICAGO BOARD OF TRADE,76173,74727,127177
2025-10-21,SOYBEANS,SOYBEANS - CHICAGO BOARD OF TRADE,126339,88846,147797
2025-10-21,WHEAT,WHEAT-SRW - CHICAGO BOARD OF TRADE,107342,214719,130910
2025-10-28,CORN,CORN - CHICAGO BOARD OF TRADE,172733,255658,222910
2025-10-28,SOYBEAN MEAL,SOYBEAN MEAL - CHICAGO BOARD OF TRADE,80930,132074,87798
2025-10-28,SOYBEAN OIL,SOYBEAN OIL - CHICAGO BOARD OF TRADE,75476,75594,130020
2025-10-28,SOYBEANS,SOYBEANS - CHICAGO BOARD OF TRADE,170860,50841,108635
2025-10-28,WHEAT,WHEAT-SRW - CHICAGO BOARD OF TRADE,109720,183051,122523
2025-11-04,CORN,CORN - CHICAGO BOARD OF TRADE,190187,256428,212997
2025-11-04,SOYBEAN MEAL,SOYBEAN MEAL - CHICAGO BOARD OF TRADE,98448,94147,67657
2025-11-04,SOYBEAN OIL,SOYBEAN OIL - CHICAGO BOARD OF TRADE,67293,89975,134671
2025-11-04,SOYBEANS,SOYBEANS - CHICAGO BOARD OF TRADE,220227,35161,96532
2025-11-04,WHEAT,WHEAT-SRW - CHICAGO BOARD OF TRADE,91229,159969,124805
2025-11-10,CORN,CORN - CHICAGO BOARD OF TRADE,219136,256486,189462
2025-11-10,SOYBEAN MEAL,SOYBEAN MEAL - CHICAGO BOARD OF TRADE,105153,85589,70413
2025-11-10,SOYBEAN OIL,SOYBEAN OIL - CHICAGO BOARD OF TRADE,69281,95161,132571
2025-11-10,SOYBEANS,SOYBEANS - CHICAGO BOARD OF TRADE,236417,32941,109744
2025-11-10,WHEAT,WHEAT-SRW - CHICAGO BOARD OF TRADE,84925,142836,110355
2025-11-18,CORN,CORN - CHICAGO BOARD OF TRADE,251002,202214,197011
2025-11-18,SOYBEAN MEAL,SOYBEAN MEAL - CHICAGO BOARD OF TRADE,116055,67729,76161
2025-11-18,SOYBEAN OIL,SOYBEAN OIL - CHICAGO BOARD OF TRADE,69267,80675,143488
2025-11-18,SOYBEANS,SOYBEANS - CHICAGO BOARD OF TRADE,273089,39612,105736
2025-11-18,WHEAT,WHEAT-SRW - CHICAGO BOARD OF TRADE,77537,125636,98989
2025-11-25,CORN,CORN - CHICAGO BOARD OF TRADE,244630,251431,179062
2025-11-25,SOYBEAN MEAL,SOYBEAN MEAL - CHICAGO BOARD OF TRADE,113723,55446,69140
2025-11-25,SOYBEAN OIL,SOYBEAN OIL - CHICAGO BOARD OF TRADE,64118,84234,149508
2025-11-25,SOYBEANS,SOYBEANS - CHICAGO BOARD OF TRADE,246137,20667,108214
2025-11-25,WHEAT,WHEAT-SRW - CHICAGO BOARD OF TRADE,75989,132395,93384
2025-12-02,CORN,CORN - CHICAGO BOARD OF TRADE,250223,217888,195016
2025-12-02,SOYBEAN MEAL,SOYBEAN MEAL - CHICAGO BOARD OF TRADE,106807,56221,69745
2025-12-02,SOYBEAN OIL,SOYBEAN OIL - CHICAGO BOARD OF TRADE,71577,77386,145135
2025-12-02,SOYBEANS,SOYBEANS - CHICAGO BOARD OF TRADE,247915,20628,107464
2025-12-02,WHEAT,WHEAT-SRW - CHICAGO BOARD OF TRADE,86969,133611,97940
2025-12-09,CORN,CORN - CHICAGO BOARD OF TRADE,248108,229372,200461
2025-12-09,SOYBEAN MEAL,SOYBEAN MEAL - CHICAGO BOARD OF TRADE,83945,65622,67098
2025-12-09,SOYBEAN OIL,SOYBEAN OIL - CHICAGO BOARD OF TRADE,71110,79642,133450
2025-12-09,SOYBEANS,SOYBEANS - CHICAGO BOARD OF TRADE,222358,32233,105130
2025-12-09,WHEAT,WHEAT-SRW - CHICAGO BOARD OF TRADE,93332,142367,103180
2025-12-16,CORN,CORN - CHICAGO BOARD OF TRADE,234318,287684,206383
2025-12-16,SOYBEAN MEAL,SOYBEAN MEAL - CHICAGO BOARD OF TRADE,71488,75504,66287
2025-12-16,SOYBEAN OIL,SOYBEAN OIL - CHICAGO BOARD OF TRADE,60937,96752,126213
2025-12-16,SOYBEANS,SOYBEANS - CHICAGO BOARD OF TRADE,196000,41026,96362
2025-12-16,WHEAT,WHEAT-SRW - CHICAGO BOARD OF TRADE,98571,170650,115320
2025-12-23,CORN,CORN - CHICAGO BOARD OF TRADE,221190,219398,228564
2025-12-23,SOYBEAN MEAL,SOYBEAN MEAL - CHICAGO BOARD OF TRADE,65637,83905,65153
2025-12-23,SOYBEAN OIL,SOYBEAN OIL - CHICAGO BOARD OF TRADE,61104,123156,112443
2025-12-23,SOYBEANS,SOYBEANS - CHICAGO BOARD OF TRADE,163032,50771,99565
2025-12-23,WHEAT,WHEAT-SRW - CHICAGO BOARD OF TRADE,96300,194474,123492
2025-12-30,CORN,CORN - CHICAGO BOARD OF TRADE,219452,242200,234137
2025-12-30,SOYBEAN MEAL,SOYBEAN MEAL - CHICAGO BOARD OF TRADE,69840,83034,56793
2025-12-30,SOYBEAN OIL,SOYBEAN OIL - CHICAGO BOARD OF TRADE,57437,124409,110203
2025-12-30,SOYBEANS,SOYBEANS - CHICAGO BOARD OF TRADE,143980,53972,91313
2025-12-30,WHEAT,WHEAT-SRW - CHICAGO BOARD OF TRADE,95374,192570,128757
2026-01-06,CORN,CORN - CHICAGO BOARD OF TRADE,225019,237849,226241
2026-01-06,SOYBEAN MEAL,SOYBEAN MEAL - CHICAGO BOARD OF TRADE,64705,88898,61832
2026-01-06,SOYBEAN OIL,SOYBEAN OIL - CHICAGO BOARD OF TRADE,56496,122312,109092
2026-01-06,SOYBEANS,SOYBEANS - CHICAGO BOARD OF TRADE,123376,57569,100177
2026-01-06,WHEAT,WHEAT-SRW - CHICAGO BOARD OF TRADE,90051,199534,131815
2026-01-13,CORN,CORN - CHICAGO BOARD OF TRADE,202570,293228,222495
2026-01-13,SOYBEAN MEAL,SOYBEAN MEAL - CHICAGO BOARD OF TRADE,70675,91710,61993
2026-01-13,SOYBEAN OIL,SOYBEAN OIL - CHICAGO BOARD OF TRADE,66663,120755,111563
2026-01-13,SOYBEANS,SOYBEANS - CHICAGO BOARD OF TRADE,111731,91746,99469
2026-01-13,WHEAT,WHEAT-SRW - CHICAGO BOARD OF TRADE,90290,198537,139091
2026-01-20,CORN,CORN - CHICAGO BOARD OF TRADE,209697,305564,252997
2026-01-20,SOYBEAN MEAL,SOYBEAN MEAL - CHICAGO BOARD OF TRADE,70086,112892,68901
2026-01-20,SOYBEAN OIL,SOYBEAN OIL - CHICAGO BOARD OF TRADE,68562,94964,118171
2026-01-20,SOYBEANS,SOYBEANS - CHICAGO BOARD OF TRADE,104857,90233,110831
2026-01-20,WHEAT,WHEAT-SRW - CHICAGO BOARD OF TRADE,85522,199082,143795
2026-01-27,CORN,CORN - CHICAGO BOARD OF TRADE,212897,294493,270813
2026-01-27,SOYBEAN MEAL,SOYBEAN MEAL - CHICAGO BOARD OF TRADE,72400,108202,74183
2026-01-27,SOYBEAN OIL,SOYBEAN OIL - CHICAGO BOARD OF TRADE,83295,72748,121936
2026-01-27,SOYBEANS,SOYBEANS - CHICAGO BOARD OF TRADE,104463,84669,115356
2026-01-27,WHEAT,WHEAT-SRW - CHICAGO BOARD OF TRADE,87374,181421,156644
2026-02-03,CORN,CORN - CHICAGO BOARD OF TRADE,213807,294420,272904
2026-02-03,SOYBEAN MEAL,SOYBEAN MEAL - CHICAGO BOARD OF TRADE,71575,97268,75674
2026-02-03,SOYBEAN OIL,SOYBEAN OIL - CHICAGO BOARD OF TRADE,82804,75538,128837
2026-02-03,SOYBEANS,SOYBEANS - CHICAGO BOARD OF TRADE,120511,91358,118536
2026-02-03,WHEAT,WHEAT-SRW - CHICAGO BOARD OF TRADE,88319,169862,156510
2026-02-10,CORN,CORN - CHICAGO BOARD OF TRADE,214350,271843,245096
2026-02-10,SOYBEAN MEAL,SOYBEAN MEAL - CHICAGO BOARD OF TRADE,70564,87778,62189
2026-02-10,SOYBEAN OIL,SOYBEAN OIL - CHICAGO BOARD OF TRADE,101853,72395,135611
2026-02-10,SOYBEANS,SOYBEANS - CHICAGO BOARD OF TRADE,170099,54203,109079
2026-02-10,WHEAT,WHEAT-SRW - CHICAGO BOARD OF TRADE,90285,176117,140125
2026-02-17,CORN,CORN - CHICAGO BOARD OF TRADE,209903,252216,263398
2026-02-17,SOYBEAN MEAL,SOYBEAN MEAL - CHICAGO BOARD OF TRADE,73813,76957,60119
2026-02-17,SOYBEAN OIL,SOYBEAN OIL - CHICAGO BOARD OF TRADE,116288,79579,141321
2026-02-17,SOYBEANS,SOYBEANS - CHICAGO BOARD OF TRADE,208613,49632,116025
2026-02-17,WHEAT,WHEAT-SRW - CHICAGO BOARD OF TRADE,85112,154679,119842
2026-02-24,CORN,CORN - CHICAGO BOARD OF TRADE,219988,233222,249144
2026-02-24,SOYBEAN MEAL,SOYBEAN MEAL - CHICAGO BOARD OF TRADE,90506,60105,50962
2026-02-24,SOYBEAN OIL,SOYBEAN OIL - CHICAGO BOARD OF TRADE,134663,77349,133585
2026-02-24,SOYBEANS,SOYBEANS - CHICAGO BOARD OF TRADE,212701,41309,123647
2026-02-24,WHEAT,WHEAT-SRW - CHICAGO BOARD OF TRADE,104141,121899,111034
2026-03-03,CORN,CORN - CHICAGO BOARD OF TRADE,239232,186989,254949
2026-03-03,SOYBEAN MEAL,SOYBEAN MEAL - CHICAGO BOARD OF TRADE,108517,49413,61895
2026-03-03,SOYBEAN OIL,SOYBEAN OIL - CHICAGO BOARD OF TRADE,139643,71450,135567
2026-03-03,SOYBEANS,SOYBEANS - CHICAGO BOARD OF TRADE,235483,47992,137884
2026-03-03,WHEAT,WHEAT-SRW - CHICAGO BOARD OF TRADE,93666,118755,115810
2026-03-10,CORN,CORN - CHICAGO BOARD OF TRADE,330320,131516,260894
2026-03-10,SOYBEAN MEAL,SOYBEAN MEAL - CHICAGO BOARD OF TRADE,115467,37899,66564
2026-03-10,SOYBEAN OIL,SOYBEAN OIL - CHICAGO BOARD OF TRADE,154161,50279,129680
2026-03-10,SOYBEANS,SOYBEANS - CHICAGO BOARD OF TRADE,253566,42112,143046
2026-03-10,WHEAT,WHEAT-SRW - CHICAGO BOARD OF TRADE,95305,116551,118382
2026-03-17,CORN,CORN - CHICAGO BOARD OF TRADE,343658,112770,270394
2026-03-17,SOYBEAN MEAL,SOYBEAN MEAL - CHICAGO BOARD OF TRADE,124161,43249,67516
2026-03-17,SOYBEAN OIL,SOYBEAN OIL - CHICAGO BOARD OF TRADE,154988,35378,128827
2026-03-17,SOYBEANS,SOYBEANS - CHICAGO BOARD OF TRADE,235016,39795,124360
2026-03-17,WHEAT,WHEAT-SRW - CHICAGO BOARD OF TRADE,100946,112820,120307
2026-03-24,CORN,CORN - CHICAGO BOARD OF TRADE,363377,83747,275981
2026-03-24,SOYBEAN MEAL,SOYBEAN MEAL - CHICAGO BOARD OF TRADE,136139,29882,75447
2026-03-24,SOYBEAN OIL,SOYBEAN OIL - CHICAGO BOARD OF TRADE,148285,29789,132696
2026-03-24,SOYBEANS,SOYBEANS - CHICAGO BOARD OF TRADE,227533,36183,111560
2026-03-24,WHEAT,WHEAT-SRW - CHICAGO BOARD OF TRADE,110732,111726,111953
2026-03-31,CORN,CORN - CHICAGO BOARD OF TRADE,344768,86816,302379
2026-03-31,SOYBEAN MEAL,SOYBEAN MEAL - CHICAGO BOARD OF TRADE,132828,33946,78992
2026-03-31,SOYBEAN OIL,SOYBEAN OIL - CHICAGO BOARD OF TRADE,157116,27160,132786
2026-03-31,SOYBEANS,SOYBEANS - CHICAGO BOARD OF TRADE,234120,30112,124000
2026-03-31,WHEAT,WHEAT-SRW - CHICAGO BOARD OF TRADE,117922,110141,111289
2026-04-07,CORN,CORN - CHICAGO BOARD OF TRADE,311210,100234,312472
2026-04-07,SOYBEAN MEAL,SOYBEAN MEAL - CHICAGO BOARD OF TRADE,124998,33455,86499
2026-04-07,SOYBEAN OIL,SOYBEAN OIL - CHICAGO BOARD OF TRADE,170198,21841,124426
2026-04-07,SOYBEANS,SOYBEANS - CHICAGO BOARD OF TRADE,220334,39029,136598
2026-04-07,WHEAT,WHEAT-SRW - CHICAGO BOARD OF TRADE,109481,113863,114927
2026-04-14,CORN,CORN - CHICAGO BOARD OF TRADE,297194,144576,286938
2026-04-14,SOYBEAN MEAL,SOYBEAN MEAL - CHICAGO BOARD OF TRADE,153007,21451,68711
2026-04-14,SOYBEAN OIL,SOYBEAN OIL - CHICAGO BOARD OF TRADE,169581,19364,116522
2026-04-14,SOYBEANS,SOYBEANS - CHICAGO BOARD OF TRADE,206009,37928,120091
2026-04-14,WHEAT,WHEAT-SRW - CHICAGO BOARD OF TRADE,102122,107672,98001
2026-04-21,CORN,CORN - CHICAGO BOARD OF TRADE,327557,145344,270435
2026-04-21,SOYBEAN MEAL,SOYBEAN MEAL - CHICAGO BOARD OF TRADE,143899,25836,60675
2026-04-21,SOYBEAN OIL,SOYBEAN OIL - CHICAGO BOARD OF TRADE,190794,22851,111318
2026-04-21,SOYBEANS,SOYBEANS - CHICAGO BOARD OF TRADE,219043,31470,118643
2026-04-21,WHEAT,WHEAT-SRW - CHICAGO BOARD OF TRADE,96306,104690,101422
2026-04-28,CORN,CORN - CHICAGO BOARD OF TRADE,380569,114997,241994
2026-04-28,SOYBEAN MEAL,SOYBEAN MEAL - CHICAGO BOARD OF TRADE,151421,30362,54423
2026-04-28,SOYBEAN OIL,SOYBEAN OIL - CHICAGO BOARD OF TRADE,187355,23016,107405
2026-04-28,SOYBEANS,SOYBEANS - CHICAGO BOARD OF TRADE,205205,28295,107529
2026-04-28,WHEAT,WHEAT-SRW - CHICAGO BOARD OF TRADE,104986,93261,100525
2026-05-05,CORN,CORN - CHICAGO BOARD OF TRADE,440048,95407,250689
2026-05-05,SOYBEAN MEAL,SOYBEAN MEAL - CHICAGO BOARD OF TRADE,147469,35233,60166
2026-05-05,SOYBEAN OIL,SOYBEAN OIL - CHICAGO BOARD OF TRADE,189783,22824,112201
2026-05-05,SOYBEANS,SOYBEANS - CHICAGO BOARD OF TRADE,247320,33806,116450
2026-05-05,WHEAT,WHEAT-SRW - CHICAGO BOARD OF TRADE,98031,107064,93708
2026-05-12,CORN,CORN - CHICAGO BOARD OF TRADE,416409,120789,260268
2026-05-12,SOYBEAN MEAL,SOYBEAN MEAL - CHICAGO BOARD OF TRADE,150131,33968,64440
2026-05-12,SOYBEAN OIL,SOYBEAN OIL - CHICAGO BOARD OF TRADE,179226,19689,106516
2026-05-12,SOYBEANS,SOYBEANS - CHICAGO BOARD OF TRADE,238652,30629,120038
2026-05-12,WHEAT,WHEAT-SRW - CHICAGO BOARD OF TRADE,100637,119121,98409
2026-05-19,CORN,CORN - CHICAGO BOARD OF TRADE,430820,137478,266825
2026-05-19,SOYBEAN MEAL,SOYBEAN MEAL - CHICAGO BOARD OF TRADE,156388,26777,77259
2026-05-19,SOYBEAN OIL,SOYBEAN OIL - CHICAGO BOARD OF TRADE,175507,21231,103262
2026-05-19,SOYBEANS,SOYBEANS - CHICAGO BOARD OF TRADE,232512,34475,119206
2026-05-19,WHEAT,WHEAT-SRW - CHICAGO BOARD OF TRADE,109862,112951,101826
2026-05-26,CORN,CORN - CHICAGO BOARD OF TRADE,370958,159621,270567
2026-05-26,SOYBEAN MEAL,SOYBEAN MEAL - CHICAGO BOARD OF TRADE,151177,27584,74454
2026-05-26,SOYBEAN OIL,SOYBEAN OIL - CHICAGO BOARD OF TRADE,168560,28781,95699
2026-05-26,SOYBEANS,SOYBEANS - CHICAGO BOARD OF TRADE,224926,40697,125286
2026-05-26,WHEAT,WHEAT-SRW - CHICAGO BOARD OF TRADE,105626,121780,106013
2026-06-02,CORN,CORN - CHICAGO BOARD OF TRADE,313131,192995,283290
2026-06-02,SOYBEAN MEAL,SOYBEAN MEAL - CHICAGO BOARD OF TRADE,150747,23515,87218
2026-06-02,SOYBEAN OIL,SOYBEAN OIL - CHICAGO BOARD OF TRADE,174908,24313,98711
2026-06-02,SOYBEANS,SOYBEANS - CHICAGO BOARD OF TRADE,218597,62817,130308
2026-06-02,WHEAT,WHEAT-SRW - CHICAGO BOARD OF TRADE,80071,134711,110259
2026-06-09,CORN,CORN - CHICAGO BOARD OF TRADE,294932,296238,272852
2026-06-09,SOYBEAN MEAL,SOYBEAN MEAL - CHICAGO BOARD OF TRADE,114445,58998,56980
2026-06-09,SOYBEAN OIL,SOYBEAN OIL - CHICAGO BOARD OF TRADE,157169,28423,78351
2026-06-09,SOYBEANS,SOYBEANS - CHICAGO BOARD OF TRADE,179591,81732,120819
2026-06-09,WHEAT,WHEAT-SRW - CHICAGO BOARD OF TRADE,65103,142696,90363
2026-06-16,CORN,CORN - CHICAGO BOARD OF TRADE,293859,343346,276484
2026-06-16,SOYBEAN MEAL,SOYBEAN MEAL - CHICAGO BOARD OF TRADE,110341,90881,68168
2026-06-16,SOYBEAN OIL,SOYBEAN OIL - CHICAGO BOARD OF TRADE,146263,23839,81097
2026-06-16,SOYBEANS,SOYBEANS - CHICAGO BOARD OF TRADE,157138,102644,125589
2026-06-16,WHEAT,WHEAT-SRW - CHICAGO BOARD OF TRADE,67862,136830,94481
2026-06-23,CORN,CORN - CHICAGO BOARD OF TRADE,308728,383547,246352
2026-06-23,SOYBEAN MEAL,SOYBEAN MEAL - CHICAGO BOARD OF TRADE,110276,97917,66512
2026-06-23,SOYBEAN OIL,SOYBEAN OIL - CHICAGO BOARD OF TRADE,132666,29460,74245
2026-06-23,SOYBEANS,SOYBEANS - CHICAGO BOARD OF TRADE,142168,105182,129359
2026-06-23,WHEAT,WHEAT-SRW - CHICAGO BOARD OF TRADE,68457,138890,86545
2026-06-30,CORN,CORN - CHICAGO BOARD OF TRADE,293291,360287,233402
2026-06-30,SOYBEAN MEAL,SOYBEAN MEAL - CHICAGO BOARD OF TRADE,110069,105329,65039
2026-06-30,SOYBEAN OIL,SOYBEAN OIL - CHICAGO BOARD OF TRADE,128014,36068,70486
2026-06-30,SOYBEANS,SOYBEANS - CHICAGO BOARD OF TRADE,133396,95247,125529
2026-06-30,WHEAT,WHEAT-SRW - CHICAGO BOARD OF TRADE,69102,136663,73687
2026-07-07,CORN,CORN - CHICAGO BOARD OF TRADE,287447,302446,232157
2026-07-07,SOYBEAN MEAL,SOYBEAN MEAL - CHICAGO BOARD OF TRADE,115831,97109,70851
2026-07-07,SOYBEAN OIL,SOYBEAN OIL - CHICAGO BOARD OF TRADE,119996,35077,88087
2026-07-07,SOYBEANS,SOYBEANS - CHICAGO BOARD OF TRADE,146672,77093,133066
2026-07-07,WHEAT,WHEAT-SRW - CHICAGO BOARD OF TRADE,73719,134151,75664
2026-07-14,CORN,CORN - CHICAGO BOARD OF TRADE,294328,282967,221360
2026-07-14,SOYBEAN MEAL,SOYBEAN MEAL - CHICAGO BOARD OF TRADE,119347,72771,68065
2026-07-14,SOYBEAN OIL,SOYBEAN OIL - CHICAGO BOARD OF TRADE,133321,25376,84189
2026-07-14,SOYBEANS,SOYBEANS - CHICAGO BOARD OF TRADE,145930,70739,150351
2026-07-14,WHEAT,WHEAT-SRW - CHICAGO BOARD OF TRADE,76020,110907,83702
2026-07-21,CORN,CORN - CHICAGO BOARD OF TRADE,305756,249043,230173
2026-07-21,SOYBEAN MEAL,SOYBEAN MEAL - CHICAGO BOARD OF TRADE,130152,56676,71666
2026-07-21,SOYBEAN OIL,SOYBEAN OIL - CHICAGO BOARD OF TRADE,143159,22913,90712
2026-07-21,SOYBEANS,SOYBEANS - CHICAGO BOARD OF TRADE,180163,49658,153594
2026-07-21,WHEAT,WHEAT-SRW - CHICAGO BOARD OF TRADE,74206,92605,111106
2026-07-28,CORN,CORN - CHICAGO BOARD OF TRADE,314454,187678,224887
2026-07-28,SOYBEAN MEAL,SOYBEAN MEAL - CHICAGO BOARD OF TRADE,131677,43981,77921
2026-07-28,SOYBEAN OIL,SOYBEAN OIL - CHICAGO BOARD OF TRADE,130933,23035,90462
2026-07-28,SOYBEANS,SOYBEANS - CHICAGO BOARD OF TRADE,199637,39158,150261
2026-07-28,WHEAT,WHEAT-SRW - CHICAGO BOARD OF TRADE,85168,93331,110546
2026-08-04,CORN,CORN - CHICAGO BOARD OF TRADE,309717,164896,256377
2026-08-04,SOYBEAN MEAL,SOYBEAN MEAL - CHICAGO BOARD OF TRADE,126429,48599,76496
2026-08-04,SOYBEAN OIL,SOYBEAN OIL - CHICAGO BOARD OF TRADE,106110,27077,94022
2026-08-04,SOYBEANS,SOYBEANS - CHICAGO BOARD OF TRADE,179499,46975,153438
2026-08-04,WHEAT,WHEAT-SRW - CHICAGO BOARD OF TRADE,80037,104907,116074
2026-08-11,CORN,CORN - CHICAGO BOARD OF TRADE,312829,186954,187183
2026-08-11,SOYBEAN MEAL,SOYBEAN MEAL - CHICAGO BOARD OF TRADE,122391,48701,70306
2026-08-11,SOYBEAN OIL,SOYBEAN OIL - CHICAGO BOARD OF TRADE,110018,30734,84998
2026-08-11,SOYBEANS,SOYBEANS - CHICAGO BOARD OF TRADE,169712,60603,142155
2026-08-11,WHEAT,WHEAT-SRW - CHICAGO BOARD OF TRADE,78009,111409,112454
2026-08-18,CORN,CORN - CHICAGO BOARD OF TRADE,321475,139783,210096
2026-08-18,SOYBEAN MEAL,SOYBEAN MEAL - CHICAGO BOARD OF TRADE,129318,46003,61769
2026-08-18,SOYBEAN OIL,SOYBEAN OIL - CHICAGO BOARD OF TRADE,116669,25436,83676
2026-08-18,SOYBEANS,SOYBEANS - CHICAGO BOARD OF TRADE,197446,45664,130127
2026-08-18,WHEAT,WHEAT-SRW - CHICAGO BOARD OF TRADE,78911,104239,108716
2026-08-25,CORN,CORN - CHICAGO BOARD OF TRADE,411762,94314,199639
2026-08-25,SOYBEAN MEAL,SOYBEAN MEAL - CHICAGO BOARD OF TRADE,129615,33662,71739
2026-08-25,SOYBEAN OIL,SOYBEAN OIL - CHICAGO BOARD OF TRADE,114248,29132,77060
2026-08-25,SOYBEANS,SOYBEANS - CHICAGO BOARD OF TRADE,239335,38656,114580
2026-08-25,WHEAT,WHEAT-SRW - CHICAGO BOARD OF TRADE,87501,101098,102791
2026-09-01,CORN,CORN - CHICAGO BOARD OF TRADE,467856,66853,235318
2026-09-01,SOYBEAN MEAL,SOYBEAN MEAL - CHICAGO BOARD OF TRADE,178183,21004,76832
2026-09-01,SOYBEAN OIL,SOYBEAN OIL - CHICAGO BOARD OF TRADE,124046,24223,75398
2026-09-01,SOYBEANS,SOYBEANS - CHICAGO BOARD OF TRADE,270450,35530,125300
2026-09-01,WHEAT,WHEAT-SRW - CHICAGO BOARD OF TRADE,109614,94710,117082
2026-09-08,CORN,CORN - CHICAGO BOARD OF TRADE,491034,76575,235193
2026-09-08,SOYBEAN MEAL,SOYBEAN MEAL - CHICAGO BOARD OF TRADE,173079,15390,92839
2026-09-08,SOYBEAN OIL,SOYBEAN OIL - CHICAGO BOARD OF TRADE,120087,28376,78389
2026-09-08,SOYBEANS,SOYBEANS - CHICAGO BOARD OF TRADE,293215,35957,125883
2026-09-08,WHEAT,WHEAT-SRW - CHICAGO BOARD OF TRADE,100506,95633,123461
2026-09-15,CORN,CORN - CHICAGO BOARD OF TRADE,483738,69278,242894
2026-09-15,SOYBEAN MEAL,SOYBEAN MEAL - CHICAGO BOARD OF TRADE,195227,12116,102032
2026-09-15,SOYBEAN OIL,SOYBEAN OIL - CHICAGO BOARD OF TRADE,126365,24885,83648
2026-09-15,SOYBEANS,SOYBEANS - CHICAGO BOARD OF TRADE,282581,41080,138716
2026-09-15,WHEAT,WHEAT-SRW - CHICAGO BOARD OF TRADE,95798,99472,127631
2026-09-22,CORN,CORN - CHICAGO BOARD OF TRADE,471466,67369,265480
2026-09-22,SOYBEAN MEAL,SOYBEAN MEAL - CHICAGO BOARD OF TRADE,202722,11635,101969
2026-09-22,SOYBEAN OIL,SOYBEAN OIL - CHICAGO BOARD OF TRADE,119764,27627,85973
2026-09-22,SOYBEANS,SOYBEANS - CHICAGO BOARD OF TRADE,300742,35583,137813
2026-09-22,WHEAT,WHEAT-SRW - CHICAGO BOARD OF TRADE,88801,100817,128931
